"Origem";"Arquivo";"Codificacao";"BytesOriginais";"Status";"Destino"
"Tribo";"ArtDealer_MS.int";"UTF-8";"963";"OK";"C:\Users\Usuario\Documents\GitHub\dishonored-traducao-analise\Tribo_INT_UTF8\ArtDealer_MS.int"
"Tribo";"AssassinsTraining_MS.int";"UTF-16 LE";"3260";"OK";"C:\Users\Usuario\Documents\GitHub\dishonored-traducao-analise\Tribo_INT_UTF8\AssassinsTraining_MS.int"
"Tribo";"AudioGraph_Assets.int";"UTF-8";"566";"OK";"C:\Users\Usuario\Documents\GitHub\dishonored-traducao-analise\Tribo_INT_UTF8\AudioGraph_Assets.int"
"Tribo";"AudioGraph_Twk.int";"UTF-8";"12758";"OK";"C:\Users\Usuario\Documents\GitHub\dishonored-traducao-analise\Tribo_INT_UTF8\AudioGraph_Twk.int"
"Tribo";"BendTimeMassacre_MS_Tweak.int";"UTF-16 LE";"4100";"OK";"C:\Users\Usuario\Documents\GitHub\dishonored-traducao-analise\Tribo_INT_UTF8\BendTimeMassacre_MS_Tweak.int"
"Tribo";"Blueprints_twk.int";"UTF-8";"3025";"OK";"C:\Users\Usuario\Documents\GitHub\dishonored-traducao-analise\Tribo_INT_UTF8\Blueprints_twk.int"
"Tribo";"Blueprints_twk_Abst.int";"UTF-8";"2471";"OK";"C:\Users\Usuario\Documents\GitHub\dishonored-traducao-analise\Tribo_INT_UTF8\Blueprints_twk_Abst.int"
"Tribo";"Boyle_AbstractInv_Assets.int";"UTF-8";"2684";"OK";"C:\Users\Usuario\Documents\GitHub\dishonored-traducao-analise\Tribo_INT_UTF8\Boyle_AbstractInv_Assets.int"
"Tribo";"Boyle_AbstractInv_MS.int";"UTF-8";"1089";"OK";"C:\Users\Usuario\Documents\GitHub\dishonored-traducao-analise\Tribo_INT_UTF8\Boyle_AbstractInv_MS.int"
"Tribo";"boyle_ext_MS.int";"UTF-8";"496";"OK";"C:\Users\Usuario\Documents\GitHub\dishonored-traducao-analise\Tribo_INT_UTF8\boyle_ext_MS.int"
"Tribo";"boyle_int_MS.int";"UTF-8";"450";"OK";"C:\Users\Usuario\Documents\GitHub\dishonored-traducao-analise\Tribo_INT_UTF8\boyle_int_MS.int"
"Tribo";"Boyle_Objectives.int";"UTF-8";"4736";"OK";"C:\Users\Usuario\Documents\GitHub\dishonored-traducao-analise\Tribo_INT_UTF8\Boyle_Objectives.int"
"Tribo";"Boyle_Twk.int";"UTF-8";"2900";"OK";"C:\Users\Usuario\Documents\GitHub\dishonored-traducao-analise\Tribo_INT_UTF8\Boyle_Twk.int"
"Tribo";"Bridge_Abstract.int";"UTF-8";"3664";"OK";"C:\Users\Usuario\Documents\GitHub\dishonored-traducao-analise\Tribo_INT_UTF8\Bridge_Abstract.int"
"Tribo";"Bridge_MS.int";"UTF-8";"237";"OK";"C:\Users\Usuario\Documents\GitHub\dishonored-traducao-analise\Tribo_INT_UTF8\Bridge_MS.int"
"Tribo";"Bridge_Objectives.int";"UTF-8";"2441";"OK";"C:\Users\Usuario\Documents\GitHub\dishonored-traducao-analise\Tribo_INT_UTF8\Bridge_Objectives.int"
"Tribo";"Bridge_Tweaks.int";"UTF-16 LE";"2218";"OK";"C:\Users\Usuario\Documents\GitHub\dishonored-traducao-analise\Tribo_INT_UTF8\Bridge_Tweaks.int"
"Tribo";"Bridge_Twk.int";"UTF-8";"4549";"OK";"C:\Users\Usuario\Documents\GitHub\dishonored-traducao-analise\Tribo_INT_UTF8\Bridge_Twk.int"
"Tribo";"Brothel_Objectives.int";"UTF-8";"3648";"OK";"C:\Users\Usuario\Documents\GitHub\dishonored-traducao-analise\Tribo_INT_UTF8\Brothel_Objectives.int"
"Tribo";"Brothel_Tweak.int";"UTF-16 LE";"766";"OK";"C:\Users\Usuario\Documents\GitHub\dishonored-traducao-analise\Tribo_INT_UTF8\Brothel_Tweak.int"
"Tribo";"Brothel_Twk.int";"UTF-16 LE";"3720";"OK";"C:\Users\Usuario\Documents\GitHub\dishonored-traducao-analise\Tribo_INT_UTF8\Brothel_Twk.int"
"Tribo";"ChainGauntlet_Script_MS.int";"UTF-16 LE";"6256";"OK";"C:\Users\Usuario\Documents\GitHub\dishonored-traducao-analise\Tribo_INT_UTF8\ChainGauntlet_Script_MS.int"
"Tribo";"ChainKill_Script_MS.int";"UTF-16 LE";"5984";"OK";"C:\Users\Usuario\Documents\GitHub\dishonored-traducao-analise\Tribo_INT_UTF8\ChainKill_Script_MS.int"
"Tribo";"ChapterNotes_twk.int";"UTF-16 LE";"68090";"OK";"C:\Users\Usuario\Documents\GitHub\dishonored-traducao-analise\Tribo_INT_UTF8\ChapterNotes_twk.int"
"Tribo";"Climbable_Twk.int";"UTF-8";"2427";"OK";"C:\Users\Usuario\Documents\GitHub\dishonored-traducao-analise\Tribo_INT_UTF8\Climbable_Twk.int"
"Tribo";"Components_twk.int";"UTF-8";"2634";"OK";"C:\Users\Usuario\Documents\GitHub\dishonored-traducao-analise\Tribo_INT_UTF8\Components_twk.int"
"Tribo";"Countdown_MS.int";"UTF-16 LE";"3960";"OK";"C:\Users\Usuario\Documents\GitHub\dishonored-traducao-analise\Tribo_INT_UTF8\Countdown_MS.int"
"Tribo";"Descriptions.int";"UTF-16 LE";"322";"OK";"C:\Users\Usuario\Documents\GitHub\dishonored-traducao-analise\Tribo_INT_UTF8\Descriptions.int"
"Tribo";"DishonoredEditor.int";"UTF-16 LE";"11216";"OK";"C:\Users\Usuario\Documents\GitHub\dishonored-traducao-analise\Tribo_INT_UTF8\DishonoredEditor.int"
"Tribo";"DishonoredGame.int";"UTF-16 LE";"90822";"OK";"C:\Users\Usuario\Documents\GitHub\dishonored-traducao-analise\Tribo_INT_UTF8\DishonoredGame.int"
"Tribo";"Distillery_MS.int";"UTF-8";"793";"OK";"C:\Users\Usuario\Documents\GitHub\dishonored-traducao-analise\Tribo_INT_UTF8\Distillery_MS.int"
"Tribo";"DLC05_01.int";"UTF-16 LE";"2008";"OK";"C:\Users\Usuario\Documents\GitHub\dishonored-traducao-analise\Tribo_INT_UTF8\DLC05_01.int"
"Tribo";"DLC05_Accuracy.int";"UTF-16 LE";"456";"OK";"C:\Users\Usuario\Documents\GitHub\dishonored-traducao-analise\Tribo_INT_UTF8\DLC05_Accuracy.int"
"Tribo";"DLC05_BendTimeMassacre.int";"UTF-16 LE";"6984";"OK";"C:\Users\Usuario\Documents\GitHub\dishonored-traducao-analise\Tribo_INT_UTF8\DLC05_BendTimeMassacre.int"
"Tribo";"DLC05_bootcamp.int";"UTF-16 LE";"5250";"OK";"C:\Users\Usuario\Documents\GitHub\dishonored-traducao-analise\Tribo_INT_UTF8\DLC05_bootcamp.int"
"Tribo";"DLC05_CatchMeIfYouCan.int";"UTF-16 LE";"386";"OK";"C:\Users\Usuario\Documents\GitHub\dishonored-traducao-analise\Tribo_INT_UTF8\DLC05_CatchMeIfYouCan.int"
"Tribo";"DLC05_ChainGauntlet.int";"UTF-16 LE";"974";"OK";"C:\Users\Usuario\Documents\GitHub\dishonored-traducao-analise\Tribo_INT_UTF8\DLC05_ChainGauntlet.int"
"Tribo";"DLC05_ChainKill.int";"UTF-16 LE";"6278";"OK";"C:\Users\Usuario\Documents\GitHub\dishonored-traducao-analise\Tribo_INT_UTF8\DLC05_ChainKill.int"
"Tribo";"DLC05_Countdown.int";"UTF-16 LE";"538";"OK";"C:\Users\Usuario\Documents\GitHub\dishonored-traducao-analise\Tribo_INT_UTF8\DLC05_Countdown.int"
"Tribo";"DLC05_infiltrate01.int";"UTF-16 LE";"962";"OK";"C:\Users\Usuario\Documents\GitHub\dishonored-traducao-analise\Tribo_INT_UTF8\DLC05_infiltrate01.int"
"Tribo";"DLC05_movable_twk.int";"UTF-16 LE";"994";"OK";"C:\Users\Usuario\Documents\GitHub\dishonored-traducao-analise\Tribo_INT_UTF8\DLC05_movable_twk.int"
"Tribo";"DLC05_MysteryMan.int";"UTF-16 LE";"2344";"OK";"C:\Users\Usuario\Documents\GitHub\dishonored-traducao-analise\Tribo_INT_UTF8\DLC05_MysteryMan.int"
"Tribo";"DLC05_race01.int";"UTF-16 LE";"412";"OK";"C:\Users\Usuario\Documents\GitHub\dishonored-traducao-analise\Tribo_INT_UTF8\DLC05_race01.int"
"Tribo";"DLC05_TheThreeKeys.int";"UTF-16 LE";"2572";"OK";"C:\Users\Usuario\Documents\GitHub\dishonored-traducao-analise\Tribo_INT_UTF8\DLC05_TheThreeKeys.int"
"Tribo";"DLC05_Thief.int";"UTF-16 LE";"3146";"OK";"C:\Users\Usuario\Documents\GitHub\dishonored-traducao-analise\Tribo_INT_UTF8\DLC05_Thief.int"
"Tribo";"DLC05_usable_twk.int";"UTF-16 LE";"530";"OK";"C:\Users\Usuario\Documents\GitHub\dishonored-traducao-analise\Tribo_INT_UTF8\DLC05_usable_twk.int"
"Tribo";"DLC06_Assault_Objectives.int";"UTF-16 LE";"12250";"OK";"C:\Users\Usuario\Documents\GitHub\dishonored-traducao-analise\Tribo_INT_UTF8\DLC06_Assault_Objectives.int"
"Tribo";"DLC06_Attach_Butcher.int";"UTF-16 LE";"1236";"OK";"C:\Users\Usuario\Documents\GitHub\dishonored-traducao-analise\Tribo_INT_UTF8\DLC06_Attach_Butcher.int"
"Tribo";"DLC06_AudioGraph_Twk.int";"UTF-16 LE";"2360";"OK";"C:\Users\Usuario\Documents\GitHub\dishonored-traducao-analise\Tribo_INT_UTF8\DLC06_AudioGraph_Twk.int"
"Tribo";"DLC06_Blueprints_seekfree.int";"UTF-16 LE";"2192";"OK";"C:\Users\Usuario\Documents\GitHub\dishonored-traducao-analise\Tribo_INT_UTF8\DLC06_Blueprints_seekfree.int"
"Tribo";"DLC06_Blueprints_twk.int";"UTF-16 LE";"1086";"OK";"C:\Users\Usuario\Documents\GitHub\dishonored-traducao-analise\Tribo_INT_UTF8\DLC06_Blueprints_twk.int"
"Tribo";"DLC06_ChapterInfoList.int";"UTF-16 LE";"3554";"OK";"C:\Users\Usuario\Documents\GitHub\dishonored-traducao-analise\Tribo_INT_UTF8\DLC06_ChapterInfoList.int"
"Tribo";"DLC06_ChapterNotes_twk.int";"UTF-16 LE";"13992";"OK";"C:\Users\Usuario\Documents\GitHub\dishonored-traducao-analise\Tribo_INT_UTF8\DLC06_ChapterNotes_twk.int"
"Tribo";"DLC06_DaudBase_Script.INT";"UTF-16 LE";"8980";"OK";"C:\Users\Usuario\Documents\GitHub\dishonored-traducao-analise\Tribo_INT_UTF8\DLC06_DaudBase_Script.INT"
"Tribo";"DLC06_DaudsBase_AbsInv_MS.int";"UTF-16 LE";"4956";"OK";"C:\Users\Usuario\Documents\GitHub\dishonored-traducao-analise\Tribo_INT_UTF8\DLC06_DaudsBase_AbsInv_MS.int"
"Tribo";"DLC06_DaudsBase_MS.int";"UTF-16 LE";"2540";"OK";"C:\Users\Usuario\Documents\GitHub\dishonored-traducao-analise\Tribo_INT_UTF8\DLC06_DaudsBase_MS.int"
"Tribo";"DLC06_DishonoredGameFull_P.INT";"UTF-16 LE";"406";"OK";"C:\Users\Usuario\Documents\GitHub\dishonored-traducao-analise\Tribo_INT_UTF8\DLC06_DishonoredGameFull_P.INT"
"Tribo";"DLC06_Intro_MS_Abst.int";"UTF-16 LE";"1176";"OK";"C:\Users\Usuario\Documents\GitHub\dishonored-traducao-analise\Tribo_INT_UTF8\DLC06_Intro_MS_Abst.int"
"Tribo";"DLC06_Intro_Objectives.int";"UTF-16 LE";"928";"OK";"C:\Users\Usuario\Documents\GitHub\dishonored-traducao-analise\Tribo_INT_UTF8\DLC06_Intro_Objectives.int"
"Tribo";"DLC06_Inv_ArcMine.int";"UTF-16 LE";"1898";"OK";"C:\Users\Usuario\Documents\GitHub\dishonored-traducao-analise\Tribo_INT_UTF8\DLC06_Inv_ArcMine.int"
"Tribo";"DLC06_Inv_CleaverButcher.int";"UTF-16 LE";"274";"OK";"C:\Users\Usuario\Documents\GitHub\dishonored-traducao-analise\Tribo_INT_UTF8\DLC06_Inv_CleaverButcher.int"
"Tribo";"DLC06_Inv_NPC_Butcher.int";"UTF-16 LE";"300";"OK";"C:\Users\Usuario\Documents\GitHub\dishonored-traducao-analise\Tribo_INT_UTF8\DLC06_Inv_NPC_Butcher.int"
"Tribo";"DLC06_Inv_SumAssassin.int";"UTF-16 LE";"222";"OK";"C:\Users\Usuario\Documents\GitHub\dishonored-traducao-analise\Tribo_INT_UTF8\DLC06_Inv_SumAssassin.int"
"Tribo";"DLC06_LocationMaps_Assets.int";"UTF-16 LE";"6730";"OK";"C:\Users\Usuario\Documents\GitHub\dishonored-traducao-analise\Tribo_INT_UTF8\DLC06_LocationMaps_Assets.int"
"Tribo";"DLC06_MissionStats.int";"UTF-16 LE";"4044";"OK";"C:\Users\Usuario\Documents\GitHub\dishonored-traducao-analise\Tribo_INT_UTF8\DLC06_MissionStats.int"
"Tribo";"DLC06_Notes_Slaughter.int";"UTF-16 LE";"24340";"OK";"C:\Users\Usuario\Documents\GitHub\dishonored-traducao-analise\Tribo_INT_UTF8\DLC06_Notes_Slaughter.int"
"Tribo";"DLC06_Pckp_Ammo.int";"UTF-16 LE";"798";"OK";"C:\Users\Usuario\Documents\GitHub\dishonored-traducao-analise\Tribo_INT_UTF8\DLC06_Pckp_Ammo.int"
"Tribo";"DLC06_Pckp_Heirlooms.int";"UTF-16 LE";"7614";"OK";"C:\Users\Usuario\Documents\GitHub\dishonored-traducao-analise\Tribo_INT_UTF8\DLC06_Pckp_Heirlooms.int"
"Tribo";"DLC06_Pckp_Maps.int";"UTF-16 LE";"832";"OK";"C:\Users\Usuario\Documents\GitHub\dishonored-traducao-analise\Tribo_INT_UTF8\DLC06_Pckp_Maps.int"
"Tribo";"DLC06_Proj_Flashsmoke.int";"UTF-16 LE";"486";"OK";"C:\Users\Usuario\Documents\GitHub\dishonored-traducao-analise\Tribo_INT_UTF8\DLC06_Proj_Flashsmoke.int"
"Tribo";"DLC06_Proj_SawProjectiles.int";"UTF-16 LE";"798";"OK";"C:\Users\Usuario\Documents\GitHub\dishonored-traducao-analise\Tribo_INT_UTF8\DLC06_Proj_SawProjectiles.int"
"Tribo";"DLC06_Pwn_Aristo_F_Timsh.int";"UTF-16 LE";"212";"OK";"C:\Users\Usuario\Documents\GitHub\dishonored-traducao-analise\Tribo_INT_UTF8\DLC06_Pwn_Aristo_F_Timsh.int"
"Tribo";"DLC06_Pwn_Assassin_Lieut.int";"UTF-16 LE";"854";"OK";"C:\Users\Usuario\Documents\GitHub\dishonored-traducao-analise\Tribo_INT_UTF8\DLC06_Pwn_Assassin_Lieut.int"
"Tribo";"DLC06_Pwn_Butcher.int";"UTF-16 LE";"226";"OK";"C:\Users\Usuario\Documents\GitHub\dishonored-traducao-analise\Tribo_INT_UTF8\DLC06_Pwn_Butcher.int"
"Tribo";"DLC06_Pwn_CleaverButcher_Base.int";"UTF-16 LE";"230";"OK";"C:\Users\Usuario\Documents\GitHub\dishonored-traducao-analise\Tribo_INT_UTF8\DLC06_Pwn_CleaverButcher_Base.int"
"Tribo";"DLC06_Pwn_Dead_NPCs.int";"UTF-16 LE";"708";"OK";"C:\Users\Usuario\Documents\GitHub\dishonored-traducao-analise\Tribo_INT_UTF8\DLC06_Pwn_Dead_NPCs.int"
"Tribo";"DLC06_Pwn_Laborer_F_1.int";"UTF-16 LE";"214";"OK";"C:\Users\Usuario\Documents\GitHub\dishonored-traducao-analise\Tribo_INT_UTF8\DLC06_Pwn_Laborer_F_1.int"
"Tribo";"DLC06_Pwn_Laborer_F_Ames.int";"UTF-16 LE";"212";"OK";"C:\Users\Usuario\Documents\GitHub\dishonored-traducao-analise\Tribo_INT_UTF8\DLC06_Pwn_Laborer_F_Ames.int"
"Tribo";"DLC06_Pwn_Laborer_MTall_1.int";"UTF-16 LE";"222";"OK";"C:\Users\Usuario\Documents\GitHub\dishonored-traducao-analise\Tribo_INT_UTF8\DLC06_Pwn_Laborer_MTall_1.int"
"Tribo";"DLC06_Pwn_MiddleClass_MTall_1.int";"UTF-16 LE";"228";"OK";"C:\Users\Usuario\Documents\GitHub\dishonored-traducao-analise\Tribo_INT_UTF8\DLC06_Pwn_MiddleClass_MTall_1.int"
"Tribo";"DLC06_Pwn_MTall_Rothwild.int";"UTF-16 LE";"286";"OK";"C:\Users\Usuario\Documents\GitHub\dishonored-traducao-analise\Tribo_INT_UTF8\DLC06_Pwn_MTall_Rothwild.int"
"Tribo";"DLC06_Pwn_MTall_Timsh.int";"UTF-16 LE";"786";"OK";"C:\Users\Usuario\Documents\GitHub\dishonored-traducao-analise\Tribo_INT_UTF8\DLC06_Pwn_MTall_Timsh.int"
"Tribo";"DLC06_Pwn_ThugWhiskey_MSmall_1.int";"UTF-16 LE";"236";"OK";"C:\Users\Usuario\Documents\GitHub\dishonored-traducao-analise\Tribo_INT_UTF8\DLC06_Pwn_ThugWhiskey_MSmall_1.int"
"Tribo";"DLC06_Pwn_Witch_Delilah.int";"UTF-16 LE";"244";"OK";"C:\Users\Usuario\Documents\GitHub\dishonored-traducao-analise\Tribo_INT_UTF8\DLC06_Pwn_Witch_Delilah.int"
"Tribo";"DLC06_RewireTool.int";"UTF-16 LE";"462";"OK";"C:\Users\Usuario\Documents\GitHub\dishonored-traducao-analise\Tribo_INT_UTF8\DLC06_RewireTool.int"
"Tribo";"DLC06_SecuritySystems_twk.int";"UTF-16 LE";"8650";"OK";"C:\Users\Usuario\Documents\GitHub\dishonored-traducao-analise\Tribo_INT_UTF8\DLC06_SecuritySystems_twk.int"
"Tribo";"DLC06_Slaughter_Ext_Assn.INT";"UTF-16 LE";"260";"OK";"C:\Users\Usuario\Documents\GitHub\dishonored-traducao-analise\Tribo_INT_UTF8\DLC06_Slaughter_Ext_Assn.INT"
"Tribo";"DLC06_Slaughter_Ext_P.INT";"UTF-16 LE";"1392";"OK";"C:\Users\Usuario\Documents\GitHub\dishonored-traducao-analise\Tribo_INT_UTF8\DLC06_Slaughter_Ext_P.INT"
"Tribo";"DLC06_Slaughter_Ext_Script.INT";"UTF-16 LE";"4518";"OK";"C:\Users\Usuario\Documents\GitHub\dishonored-traducao-analise\Tribo_INT_UTF8\DLC06_Slaughter_Ext_Script.INT"
"Tribo";"DLC06_Slaughter_Int_Assassin.INT";"UTF-16 LE";"260";"OK";"C:\Users\Usuario\Documents\GitHub\dishonored-traducao-analise\Tribo_INT_UTF8\DLC06_Slaughter_Int_Assassin.INT"
"Tribo";"DLC06_Slaughter_Int_Script.INT";"UTF-16 LE";"19336";"OK";"C:\Users\Usuario\Documents\GitHub\dishonored-traducao-analise\Tribo_INT_UTF8\DLC06_Slaughter_Int_Script.INT"
"Tribo";"DLC06_Slaughter_Int_Script2.INT";"UTF-16 LE";"7416";"OK";"C:\Users\Usuario\Documents\GitHub\dishonored-traducao-analise\Tribo_INT_UTF8\DLC06_Slaughter_Int_Script2.INT"
"Tribo";"DLC06_Slaughter_MS_Abst.int";"UTF-16 LE";"658";"OK";"C:\Users\Usuario\Documents\GitHub\dishonored-traducao-analise\Tribo_INT_UTF8\DLC06_Slaughter_MS_Abst.int"
"Tribo";"DLC06_Slaughter_Objectives.int";"UTF-16 LE";"19444";"OK";"C:\Users\Usuario\Documents\GitHub\dishonored-traducao-analise\Tribo_INT_UTF8\DLC06_Slaughter_Objectives.int"
"Tribo";"DLC06_Slaughter_Twk.int";"UTF-16 LE";"10028";"OK";"C:\Users\Usuario\Documents\GitHub\dishonored-traducao-analise\Tribo_INT_UTF8\DLC06_Slaughter_Twk.int"
"Tribo";"DLC06_Store_SeekFree.int";"UTF-16 LE";"198";"OK";"C:\Users\Usuario\Documents\GitHub\dishonored-traducao-analise\Tribo_INT_UTF8\DLC06_Store_SeekFree.int"
"Tribo";"DLC06_Timsh_Estate_P.INT";"UTF-16 LE";"986";"OK";"C:\Users\Usuario\Documents\GitHub\dishonored-traducao-analise\Tribo_INT_UTF8\DLC06_Timsh_Estate_P.INT"
"Tribo";"DLC06_Timsh_Estate_Scripts.INT";"UTF-16 LE";"16888";"OK";"C:\Users\Usuario\Documents\GitHub\dishonored-traducao-analise\Tribo_INT_UTF8\DLC06_Timsh_Estate_Scripts.INT"
"Tribo";"DLC06_Timsh_MS_Abst.int";"UTF-16 LE";"32916";"OK";"C:\Users\Usuario\Documents\GitHub\dishonored-traducao-analise\Tribo_INT_UTF8\DLC06_Timsh_MS_Abst.int"
"Tribo";"DLC06_Timsh_MS_Pawns.int";"UTF-16 LE";"3748";"OK";"C:\Users\Usuario\Documents\GitHub\dishonored-traducao-analise\Tribo_INT_UTF8\DLC06_Timsh_MS_Pawns.int"
"Tribo";"DLC06_Timsh_MS_Tweak.int";"UTF-16 LE";"8398";"OK";"C:\Users\Usuario\Documents\GitHub\dishonored-traducao-analise\Tribo_INT_UTF8\DLC06_Timsh_MS_Tweak.int"
"Tribo";"DLC06_Timsh_Objectives.int";"UTF-16 LE";"9716";"OK";"C:\Users\Usuario\Documents\GitHub\dishonored-traducao-analise\Tribo_INT_UTF8\DLC06_Timsh_Objectives.int"
"Tribo";"DLC06_Timsh_Streets_P.INT";"UTF-16 LE";"1462";"OK";"C:\Users\Usuario\Documents\GitHub\dishonored-traducao-analise\Tribo_INT_UTF8\DLC06_Timsh_Streets_P.INT"
"Tribo";"DLC06_Timsh_Streets_Scripts.INT";"UTF-16 LE";"9140";"OK";"C:\Users\Usuario\Documents\GitHub\dishonored-traducao-analise\Tribo_INT_UTF8\DLC06_Timsh_Streets_Scripts.INT"
"Tribo";"DLC06_Tower_Script.INT";"UTF-16 LE";"830";"OK";"C:\Users\Usuario\Documents\GitHub\dishonored-traducao-analise\Tribo_INT_UTF8\DLC06_Tower_Script.INT"
"Tribo";"DLC06_Traps_twk.int";"UTF-16 LE";"496";"OK";"C:\Users\Usuario\Documents\GitHub\dishonored-traducao-analise\Tribo_INT_UTF8\DLC06_Traps_twk.int"
"Tribo";"DLC06_Tutorials_twk.int";"UTF-16 LE";"1910";"OK";"C:\Users\Usuario\Documents\GitHub\dishonored-traducao-analise\Tribo_INT_UTF8\DLC06_Tutorials_twk.int"
"Tribo";"DLC06_Twk_Inv_GrenadeDaud.int";"UTF-16 LE";"1904";"OK";"C:\Users\Usuario\Documents\GitHub\dishonored-traducao-analise\Tribo_INT_UTF8\DLC06_Twk_Inv_GrenadeDaud.int"
"Tribo";"DLC06_Twk_Inv_PlayerSpecific.int";"UTF-16 LE";"966";"OK";"C:\Users\Usuario\Documents\GitHub\dishonored-traducao-analise\Tribo_INT_UTF8\DLC06_Twk_Inv_PlayerSpecific.int"
"Tribo";"DLC06_Twk_Player_Daud.int";"UTF-16 LE";"4812";"OK";"C:\Users\Usuario\Documents\GitHub\dishonored-traducao-analise\Tribo_INT_UTF8\DLC06_Twk_Player_Daud.int"
"Tribo";"DLC06_Twk_Powers_Assassummon.int";"UTF-16 LE";"6020";"OK";"C:\Users\Usuario\Documents\GitHub\dishonored-traducao-analise\Tribo_INT_UTF8\DLC06_Twk_Powers_Assassummon.int"
"Tribo";"DLC06_Twk_Store.int";"UTF-16 LE";"10930";"OK";"C:\Users\Usuario\Documents\GitHub\dishonored-traducao-analise\Tribo_INT_UTF8\DLC06_Twk_Store.int"
"Tribo";"DLC06_Twk_UI.int";"UTF-16 LE";"9432";"OK";"C:\Users\Usuario\Documents\GitHub\dishonored-traducao-analise\Tribo_INT_UTF8\DLC06_Twk_UI.int"
"Tribo";"DLC06_Twk_UI_MainMenu.int";"UTF-16 LE";"534";"OK";"C:\Users\Usuario\Documents\GitHub\dishonored-traducao-analise\Tribo_INT_UTF8\DLC06_Twk_UI_MainMenu.int"
"Tribo";"DLC06_Twk_Upgrades.int";"UTF-16 LE";"7826";"OK";"C:\Users\Usuario\Documents\GitHub\dishonored-traducao-analise\Tribo_INT_UTF8\DLC06_Twk_Upgrades.int"
"Tribo";"DLC06_WrittenNotes_twk.int";"UTF-16 LE";"74262";"OK";"C:\Users\Usuario\Documents\GitHub\dishonored-traducao-analise\Tribo_INT_UTF8\DLC06_WrittenNotes_twk.int"
"Tribo";"DLC07_AudioGraph_Twk.int";"UTF-16 LE";"672";"OK";"C:\Users\Usuario\Documents\GitHub\dishonored-traducao-analise\Tribo_INT_UTF8\DLC07_AudioGraph_Twk.int"
"Tribo";"DLC07_Base_Objectives.int";"UTF-16 LE";"1430";"OK";"C:\Users\Usuario\Documents\GitHub\dishonored-traducao-analise\Tribo_INT_UTF8\DLC07_Base_Objectives.int"
"Tribo";"dlc07_baseintro_twk.int";"UTF-16 LE";"470";"OK";"C:\Users\Usuario\Documents\GitHub\dishonored-traducao-analise\Tribo_INT_UTF8\dlc07_baseintro_twk.int"
"Tribo";"DLC07_Blueprints_seekfree.int";"UTF-16 LE";"562";"OK";"C:\Users\Usuario\Documents\GitHub\dishonored-traducao-analise\Tribo_INT_UTF8\DLC07_Blueprints_seekfree.int"
"Tribo";"DLC07_Blueprints_twk.int";"UTF-16 LE";"270";"OK";"C:\Users\Usuario\Documents\GitHub\dishonored-traducao-analise\Tribo_INT_UTF8\DLC07_Blueprints_twk.int"
"Tribo";"DLC07_Brig_AbstInv_Seekfree.int";"UTF-16 LE";"18204";"OK";"C:\Users\Usuario\Documents\GitHub\dishonored-traducao-analise\Tribo_INT_UTF8\DLC07_Brig_AbstInv_Seekfree.int"
"Tribo";"DLC07_Brig_AbstractInv_MS.int";"UTF-16 LE";"1102";"OK";"C:\Users\Usuario\Documents\GitHub\dishonored-traducao-analise\Tribo_INT_UTF8\DLC07_Brig_AbstractInv_MS.int"
"Tribo";"DLC07_Brig_Void_MS.int";"UTF-16 LE";"608";"OK";"C:\Users\Usuario\Documents\GitHub\dishonored-traducao-analise\Tribo_INT_UTF8\DLC07_Brig_Void_MS.int"
"Tribo";"DLC07_BrigLever.int";"UTF-16 LE";"4430";"OK";"C:\Users\Usuario\Documents\GitHub\dishonored-traducao-analise\Tribo_INT_UTF8\DLC07_BrigLever.int"
"Tribo";"DLC07_Brigmore_Objectives.int";"UTF-16 LE";"11648";"OK";"C:\Users\Usuario\Documents\GitHub\dishonored-traducao-analise\Tribo_INT_UTF8\DLC07_Brigmore_Objectives.int"
"Tribo";"DLC07_Brigmore_Void_FX.int";"UTF-16 LE";"688";"OK";"C:\Users\Usuario\Documents\GitHub\dishonored-traducao-analise\Tribo_INT_UTF8\DLC07_Brigmore_Void_FX.int"
"Tribo";"DLC07_ChapterInfoList.int";"UTF-16 LE";"4290";"OK";"C:\Users\Usuario\Documents\GitHub\dishonored-traducao-analise\Tribo_INT_UTF8\DLC07_ChapterInfoList.int"
"Tribo";"DLC07_ChapterNotes_twk.int";"UTF-16 LE";"25612";"OK";"C:\Users\Usuario\Documents\GitHub\dishonored-traducao-analise\Tribo_INT_UTF8\DLC07_ChapterNotes_twk.int"
"Tribo";"DLC07_Coldridge_AbsInv_MS.int";"UTF-16 LE";"18456";"OK";"C:\Users\Usuario\Documents\GitHub\dishonored-traducao-analise\Tribo_INT_UTF8\DLC07_Coldridge_AbsInv_MS.int"
"Tribo";"DLC07_Coldridge_MS.int";"UTF-16 LE";"6658";"OK";"C:\Users\Usuario\Documents\GitHub\dishonored-traducao-analise\Tribo_INT_UTF8\DLC07_Coldridge_MS.int"
"Tribo";"DLC07_Coldridge_Objectives.int";"UTF-16 LE";"8364";"OK";"C:\Users\Usuario\Documents\GitHub\dishonored-traducao-analise\Tribo_INT_UTF8\DLC07_Coldridge_Objectives.int"
"Tribo";"DLC07_DesignTemp.int";"UTF-16 LE";"216";"OK";"C:\Users\Usuario\Documents\GitHub\dishonored-traducao-analise\Tribo_INT_UTF8\DLC07_DesignTemp.int"
"Tribo";"DLC07_DraperMill_AbsInv_MS.int";"UTF-16 LE";"6930";"OK";"C:\Users\Usuario\Documents\GitHub\dishonored-traducao-analise\Tribo_INT_UTF8\DLC07_DraperMill_AbsInv_MS.int"
"Tribo";"DLC07_DraperMill_Twk.int";"UTF-16 LE";"6504";"OK";"C:\Users\Usuario\Documents\GitHub\dishonored-traducao-analise\Tribo_INT_UTF8\DLC07_DraperMill_Twk.int"
"Tribo";"DLC07_DraperShip_Twk.int";"UTF-16 LE";"1540";"OK";"C:\Users\Usuario\Documents\GitHub\dishonored-traducao-analise\Tribo_INT_UTF8\DLC07_DraperShip_Twk.int"
"Tribo";"DLC07_DraperStreet_Twk.int";"UTF-16 LE";"3762";"OK";"C:\Users\Usuario\Documents\GitHub\dishonored-traducao-analise\Tribo_INT_UTF8\DLC07_DraperStreet_Twk.int"
"Tribo";"DLC07_DrapersWard_Objectives.int";"UTF-16 LE";"8538";"OK";"C:\Users\Usuario\Documents\GitHub\dishonored-traducao-analise\Tribo_INT_UTF8\DLC07_DrapersWard_Objectives.int"
"Tribo";"DLC07_DWEngineCoil_Objectives.int";"UTF-16 LE";"5412";"OK";"C:\Users\Usuario\Documents\GitHub\dishonored-traducao-analise\Tribo_INT_UTF8\DLC07_DWEngineCoil_Objectives.int"
"Tribo";"DLC07_DWGeezer_Objectives.int";"UTF-16 LE";"3110";"OK";"C:\Users\Usuario\Documents\GitHub\dishonored-traducao-analise\Tribo_INT_UTF8\DLC07_DWGeezer_Objectives.int"
"Tribo";"DLC07_DWSewer_AbsInv_MS.int";"UTF-16 LE";"3268";"OK";"C:\Users\Usuario\Documents\GitHub\dishonored-traducao-analise\Tribo_INT_UTF8\DLC07_DWSewer_AbsInv_MS.int"
"Tribo";"DLC07_DWSewer_Objectives.int";"UTF-16 LE";"4072";"OK";"C:\Users\Usuario\Documents\GitHub\dishonored-traducao-analise\Tribo_INT_UTF8\DLC07_DWSewer_Objectives.int"
"Tribo";"DLC07_DWSewer_Twk.int";"UTF-16 LE";"2804";"OK";"C:\Users\Usuario\Documents\GitHub\dishonored-traducao-analise\Tribo_INT_UTF8\DLC07_DWSewer_Twk.int"
"Tribo";"DLC07_DWShip_MS_SeekFree.int";"UTF-16 LE";"3338";"OK";"C:\Users\Usuario\Documents\GitHub\dishonored-traducao-analise\Tribo_INT_UTF8\DLC07_DWShip_MS_SeekFree.int"
"Tribo";"DLC07_DWStreets_AbsInv_MS.int";"UTF-16 LE";"29898";"OK";"C:\Users\Usuario\Documents\GitHub\dishonored-traducao-analise\Tribo_INT_UTF8\DLC07_DWStreets_AbsInv_MS.int"
"Tribo";"DLC07_GraveHound.int";"UTF-16 LE";"280";"OK";"C:\Users\Usuario\Documents\GitHub\dishonored-traducao-analise\Tribo_INT_UTF8\DLC07_GraveHound.int"
"Tribo";"DLC07_Inv_Corvo.int";"UTF-16 LE";"230";"OK";"C:\Users\Usuario\Documents\GitHub\dishonored-traducao-analise\Tribo_INT_UTF8\DLC07_Inv_Corvo.int"
"Tribo";"DLC07_Inv_Daud.int";"UTF-16 LE";"356";"OK";"C:\Users\Usuario\Documents\GitHub\dishonored-traducao-analise\Tribo_INT_UTF8\DLC07_Inv_Daud.int"
"Tribo";"DLC07_Inv_Tentacle.int";"UTF-16 LE";"218";"OK";"C:\Users\Usuario\Documents\GitHub\dishonored-traducao-analise\Tribo_INT_UTF8\DLC07_Inv_Tentacle.int"
"Tribo";"DLC07_Inv_Thug.int";"UTF-16 LE";"772";"OK";"C:\Users\Usuario\Documents\GitHub\dishonored-traducao-analise\Tribo_INT_UTF8\DLC07_Inv_Thug.int"
"Tribo";"DLC07_Inv_Witch.int";"UTF-16 LE";"234";"OK";"C:\Users\Usuario\Documents\GitHub\dishonored-traducao-analise\Tribo_INT_UTF8\DLC07_Inv_Witch.int"
"Tribo";"DLC07_MissionStats.int";"UTF-16 LE";"10670";"OK";"C:\Users\Usuario\Documents\GitHub\dishonored-traducao-analise\Tribo_INT_UTF8\DLC07_MissionStats.int"
"Tribo";"DLC07_Notes_DrapersWard.int";"UTF-16 LE";"1350";"OK";"C:\Users\Usuario\Documents\GitHub\dishonored-traducao-analise\Tribo_INT_UTF8\DLC07_Notes_DrapersWard.int"
"Tribo";"DLC07_NPCPlotSettings.int";"UTF-16 LE";"566";"OK";"C:\Users\Usuario\Documents\GitHub\dishonored-traducao-analise\Tribo_INT_UTF8\DLC07_NPCPlotSettings.int"
"Tribo";"DLC07_Pckp_CrackedBoneCharms.int";"UTF-16 LE";"242";"OK";"C:\Users\Usuario\Documents\GitHub\dishonored-traducao-analise\Tribo_INT_UTF8\DLC07_Pckp_CrackedBoneCharms.int"
"Tribo";"DLC07_Pckp_Heirlooms.int";"UTF-16 LE";"5106";"OK";"C:\Users\Usuario\Documents\GitHub\dishonored-traducao-analise\Tribo_INT_UTF8\DLC07_Pckp_Heirlooms.int"
"Tribo";"DLC07_Pwn_Civilian.int";"UTF-16 LE";"414";"OK";"C:\Users\Usuario\Documents\GitHub\dishonored-traducao-analise\Tribo_INT_UTF8\DLC07_Pwn_Civilian.int"
"Tribo";"DLC07_Pwn_Corvo.int";"UTF-16 LE";"228";"OK";"C:\Users\Usuario\Documents\GitHub\dishonored-traducao-analise\Tribo_INT_UTF8\DLC07_Pwn_Corvo.int"
"Tribo";"DLC07_Pwn_DeadPawns.int";"UTF-16 LE";"218";"OK";"C:\Users\Usuario\Documents\GitHub\dishonored-traducao-analise\Tribo_INT_UTF8\DLC07_Pwn_DeadPawns.int"
"Tribo";"DLC07_Pwn_EdgarWakefield.int";"UTF-16 LE";"286";"OK";"C:\Users\Usuario\Documents\GitHub\dishonored-traducao-analise\Tribo_INT_UTF8\DLC07_Pwn_EdgarWakefield.int"
"Tribo";"DLC07_Pwn_F_DeadEelThug.int";"UTF-16 LE";"224";"OK";"C:\Users\Usuario\Documents\GitHub\dishonored-traducao-analise\Tribo_INT_UTF8\DLC07_Pwn_F_DeadEelThug.int"
"Tribo";"DLC07_Pwn_Geezer.int";"UTF-16 LE";"238";"OK";"C:\Users\Usuario\Documents\GitHub\dishonored-traducao-analise\Tribo_INT_UTF8\DLC07_Pwn_Geezer.int"
"Tribo";"DLC07_Pwn_Gravehound.int";"UTF-16 LE";"496";"OK";"C:\Users\Usuario\Documents\GitHub\dishonored-traducao-analise\Tribo_INT_UTF8\DLC07_Pwn_Gravehound.int"
"Tribo";"DLC07_Pwn_Laborer.int";"UTF-16 LE";"678";"OK";"C:\Users\Usuario\Documents\GitHub\dishonored-traducao-analise\Tribo_INT_UTF8\DLC07_Pwn_Laborer.int"
"Tribo";"DLC07_Pwn_LizzyStride.int";"UTF-16 LE";"268";"OK";"C:\Users\Usuario\Documents\GitHub\dishonored-traducao-analise\Tribo_INT_UTF8\DLC07_Pwn_LizzyStride.int"
"Tribo";"DLC07_Pwn_MSmall_DeadEelThug.int";"UTF-16 LE";"322";"OK";"C:\Users\Usuario\Documents\GitHub\dishonored-traducao-analise\Tribo_INT_UTF8\DLC07_Pwn_MSmall_DeadEelThug.int"
"Tribo";"DLC07_Pwn_NurseTrimble.int";"UTF-16 LE";"274";"OK";"C:\Users\Usuario\Documents\GitHub\dishonored-traducao-analise\Tribo_INT_UTF8\DLC07_Pwn_NurseTrimble.int"
"Tribo";"DLC07_Pwn_Prisoner.int";"UTF-16 LE";"872";"OK";"C:\Users\Usuario\Documents\GitHub\dishonored-traducao-analise\Tribo_INT_UTF8\DLC07_Pwn_Prisoner.int"
"Tribo";"DLC07_Pwn_Tentacle.int";"UTF-16 LE";"206";"OK";"C:\Users\Usuario\Documents\GitHub\dishonored-traducao-analise\Tribo_INT_UTF8\DLC07_Pwn_Tentacle.int"
"Tribo";"DLC07_Pwn_Witch.int";"UTF-16 LE";"438";"OK";"C:\Users\Usuario\Documents\GitHub\dishonored-traducao-analise\Tribo_INT_UTF8\DLC07_Pwn_Witch.int"
"Tribo";"DLC07_Pwn_Witch_Delilah.int";"UTF-16 LE";"252";"OK";"C:\Users\Usuario\Documents\GitHub\dishonored-traducao-analise\Tribo_INT_UTF8\DLC07_Pwn_Witch_Delilah.int"
"Tribo";"DLC07_Store_SeekFree.int";"UTF-16 LE";"198";"OK";"C:\Users\Usuario\Documents\GitHub\dishonored-traducao-analise\Tribo_INT_UTF8\DLC07_Store_SeekFree.int"
"Tribo";"DLC07_Twk_Player_Daud.int";"UTF-16 LE";"8734";"OK";"C:\Users\Usuario\Documents\GitHub\dishonored-traducao-analise\Tribo_INT_UTF8\DLC07_Twk_Player_Daud.int"
"Tribo";"DLC07_Twk_Powers_Assassummon.int";"UTF-16 LE";"5912";"OK";"C:\Users\Usuario\Documents\GitHub\dishonored-traducao-analise\Tribo_INT_UTF8\DLC07_Twk_Powers_Assassummon.int"
"Tribo";"DLC07_Twk_Store.int";"UTF-16 LE";"20926";"OK";"C:\Users\Usuario\Documents\GitHub\dishonored-traducao-analise\Tribo_INT_UTF8\DLC07_Twk_Store.int"
"Tribo";"DLC07_Twk_UI.int";"UTF-16 LE";"10586";"OK";"C:\Users\Usuario\Documents\GitHub\dishonored-traducao-analise\Tribo_INT_UTF8\DLC07_Twk_UI.int"
"Tribo";"DLC07_Twk_Upgrades.int";"UTF-16 LE";"1082";"OK";"C:\Users\Usuario\Documents\GitHub\dishonored-traducao-analise\Tribo_INT_UTF8\DLC07_Twk_Upgrades.int"
"Tribo";"DLC07_usable_twk.int";"UTF-16 LE";"1562";"OK";"C:\Users\Usuario\Documents\GitHub\dishonored-traducao-analise\Tribo_INT_UTF8\DLC07_usable_twk.int"
"Tribo";"DLC07_WrittenNotes_twk.int";"UTF-16 LE";"102836";"OK";"C:\Users\Usuario\Documents\GitHub\dishonored-traducao-analise\Tribo_INT_UTF8\DLC07_WrittenNotes_twk.int"
"Tribo";"doors_transition_twk.int";"Windows-1252";"2573";"OK";"C:\Users\Usuario\Documents\GitHub\dishonored-traducao-analise\Tribo_INT_UTF8\doors_transition_twk.int"
"Tribo";"doors_twk.int";"UTF-16 LE";"57876";"OK";"C:\Users\Usuario\Documents\GitHub\dishonored-traducao-analise\Tribo_INT_UTF8\doors_twk.int"
"Tribo";"DropAttack_Script_MS.int";"UTF-16 LE";"4788";"OK";"C:\Users\Usuario\Documents\GitHub\dishonored-traducao-analise\Tribo_INT_UTF8\DropAttack_Script_MS.int"
"Tribo";"E3_Tweaks.int";"UTF-16 LE";"738";"OK";"C:\Users\Usuario\Documents\GitHub\dishonored-traducao-analise\Tribo_INT_UTF8\E3_Tweaks.int"
"Tribo";"ExampleGame.int";"Vazio";"0";"OK";"C:\Users\Usuario\Documents\GitHub\dishonored-traducao-analise\Tribo_INT_UTF8\ExampleGame.int"
"Tribo";"Flooded_AbstractInv_MS.int";"UTF-16 LE";"42592";"OK";"C:\Users\Usuario\Documents\GitHub\dishonored-traducao-analise\Tribo_INT_UTF8\Flooded_AbstractInv_MS.int"
"Tribo";"Flooded_Objectives.int";"UTF-8";"3027";"OK";"C:\Users\Usuario\Documents\GitHub\dishonored-traducao-analise\Tribo_INT_UTF8\Flooded_Objectives.int"
"Tribo";"Flooded_Tweaks.int";"UTF-16 LE";"8238";"OK";"C:\Users\Usuario\Documents\GitHub\dishonored-traducao-analise\Tribo_INT_UTF8\Flooded_Tweaks.int"
"Tribo";"Flooded_Twk.int";"UTF-16 LE";"19082";"OK";"C:\Users\Usuario\Documents\GitHub\dishonored-traducao-analise\Tribo_INT_UTF8\Flooded_Twk.int"
"Tribo";"Galvani_MS.int";"Windows-1252";"226";"OK";"C:\Users\Usuario\Documents\GitHub\dishonored-traducao-analise\Tribo_INT_UTF8\Galvani_MS.int"
"Tribo";"GFxUI.int";"UTF-16 LE";"284";"OK";"C:\Users\Usuario\Documents\GitHub\dishonored-traducao-analise\Tribo_INT_UTF8\GFxUI.int"
"Tribo";"Hub_AbstInv.int";"UTF-8";"17821";"OK";"C:\Users\Usuario\Documents\GitHub\dishonored-traducao-analise\Tribo_INT_UTF8\Hub_AbstInv.int"
"Tribo";"Hub_AbstractInv_MS.int";"UTF-8";"443";"OK";"C:\Users\Usuario\Documents\GitHub\dishonored-traducao-analise\Tribo_INT_UTF8\Hub_AbstractInv_MS.int"
"Tribo";"Hub_FX.int";"UTF-16 LE";"552";"OK";"C:\Users\Usuario\Documents\GitHub\dishonored-traducao-analise\Tribo_INT_UTF8\Hub_FX.int"
"Tribo";"Hub_MS.int";"UTF-16 LE";"2286";"OK";"C:\Users\Usuario\Documents\GitHub\dishonored-traducao-analise\Tribo_INT_UTF8\Hub_MS.int"
"Tribo";"Hub_Twk.int";"UTF-16 LE";"13286";"OK";"C:\Users\Usuario\Documents\GitHub\dishonored-traducao-analise\Tribo_INT_UTF8\Hub_Twk.int"
"Tribo";"izerraf_LocTest.int";"UTF-16 LE";"244";"OK";"C:\Users\Usuario\Documents\GitHub\dishonored-traducao-analise\Tribo_INT_UTF8\izerraf_LocTest.int"
"Tribo";"jlake_Objectives.int";"UTF-16 LE";"970";"OK";"C:\Users\Usuario\Documents\GitHub\dishonored-traducao-analise\Tribo_INT_UTF8\jlake_Objectives.int"
"Tribo";"L_ArtDealer_Audio.int";"UTF-8";"328";"OK";"C:\Users\Usuario\Documents\GitHub\dishonored-traducao-analise\Tribo_INT_UTF8\L_ArtDealer_Audio.int"
"Tribo";"L_ArtDealer_Scripts.int";"UTF-8";"1761";"OK";"C:\Users\Usuario\Documents\GitHub\dishonored-traducao-analise\Tribo_INT_UTF8\L_ArtDealer_Scripts.int"
"Tribo";"L_Boyle_Ext_Audio.int";"UTF-8";"845";"OK";"C:\Users\Usuario\Documents\GitHub\dishonored-traducao-analise\Tribo_INT_UTF8\L_Boyle_Ext_Audio.int"
"Tribo";"L_Boyle_Ext_P.int";"UTF-8";"2717";"OK";"C:\Users\Usuario\Documents\GitHub\dishonored-traducao-analise\Tribo_INT_UTF8\L_Boyle_Ext_P.int"
"Tribo";"L_Boyle_Ext_Script.int";"UTF-8";"1795";"OK";"C:\Users\Usuario\Documents\GitHub\dishonored-traducao-analise\Tribo_INT_UTF8\L_Boyle_Ext_Script.int"
"Tribo";"L_Boyle_Int_Audio.int";"UTF-8";"1698";"OK";"C:\Users\Usuario\Documents\GitHub\dishonored-traducao-analise\Tribo_INT_UTF8\L_Boyle_Int_Audio.int"
"Tribo";"L_Boyle_Int_P.int";"UTF-8";"917";"OK";"C:\Users\Usuario\Documents\GitHub\dishonored-traducao-analise\Tribo_INT_UTF8\L_Boyle_Int_P.int"
"Tribo";"L_Boyle_Int_Script.int";"UTF-8";"6461";"OK";"C:\Users\Usuario\Documents\GitHub\dishonored-traducao-analise\Tribo_INT_UTF8\L_Boyle_Int_Script.int"
"Tribo";"L_BoyleStreet_Ext_Script.int";"UTF-8";"2368";"OK";"C:\Users\Usuario\Documents\GitHub\dishonored-traducao-analise\Tribo_INT_UTF8\L_BoyleStreet_Ext_Script.int"
"Tribo";"L_Bridge_Part1a_Audio.int";"Windows-1252";"379";"OK";"C:\Users\Usuario\Documents\GitHub\dishonored-traducao-analise\Tribo_INT_UTF8\L_Bridge_Part1a_Audio.int"
"Tribo";"L_Bridge_Part1a_Script.int";"Windows-1252";"1569";"OK";"C:\Users\Usuario\Documents\GitHub\dishonored-traducao-analise\Tribo_INT_UTF8\L_Bridge_Part1a_Script.int"
"Tribo";"L_Bridge_Part1b_Audio.int";"Windows-1252";"901";"OK";"C:\Users\Usuario\Documents\GitHub\dishonored-traducao-analise\Tribo_INT_UTF8\L_Bridge_Part1b_Audio.int"
"Tribo";"L_Bridge_Part1b_Script.int";"Windows-1252";"3139";"OK";"C:\Users\Usuario\Documents\GitHub\dishonored-traducao-analise\Tribo_INT_UTF8\L_Bridge_Part1b_Script.int"
"Tribo";"L_Bridge_Part1c_Audio.int";"UTF-8";"162";"OK";"C:\Users\Usuario\Documents\GitHub\dishonored-traducao-analise\Tribo_INT_UTF8\L_Bridge_Part1c_Audio.int"
"Tribo";"L_Bridge_Part1c_Script.int";"Windows-1252";"1523";"OK";"C:\Users\Usuario\Documents\GitHub\dishonored-traducao-analise\Tribo_INT_UTF8\L_Bridge_Part1c_Script.int"
"Tribo";"L_Bridge_Part2_Audio.int";"UTF-8";"812";"OK";"C:\Users\Usuario\Documents\GitHub\dishonored-traducao-analise\Tribo_INT_UTF8\L_Bridge_Part2_Audio.int"
"Tribo";"L_Bridge_Part2_Script.int";"Windows-1252";"3438";"OK";"C:\Users\Usuario\Documents\GitHub\dishonored-traducao-analise\Tribo_INT_UTF8\L_Bridge_Part2_Script.int"
"Tribo";"L_Brothel_Audio.int";"UTF-8";"2324";"OK";"C:\Users\Usuario\Documents\GitHub\dishonored-traducao-analise\Tribo_INT_UTF8\L_Brothel_Audio.int"
"Tribo";"L_Brothel_Script.int";"Windows-1252";"6172";"OK";"C:\Users\Usuario\Documents\GitHub\dishonored-traducao-analise\Tribo_INT_UTF8\L_Brothel_Script.int"
"Tribo";"L_Distillery_Audio.int";"UTF-8";"373";"OK";"C:\Users\Usuario\Documents\GitHub\dishonored-traducao-analise\Tribo_INT_UTF8\L_Distillery_Audio.int"
"Tribo";"L_Distillery_Loot.int";"Windows-1252";"1363";"OK";"C:\Users\Usuario\Documents\GitHub\dishonored-traducao-analise\Tribo_INT_UTF8\L_Distillery_Loot.int"
"Tribo";"L_Distillery_Strt1Script.int";"Windows-1252";"2295";"OK";"C:\Users\Usuario\Documents\GitHub\dishonored-traducao-analise\Tribo_INT_UTF8\L_Distillery_Strt1Script.int"
"Tribo";"L_Distillery2_Audio.int";"UTF-8";"373";"OK";"C:\Users\Usuario\Documents\GitHub\dishonored-traducao-analise\Tribo_INT_UTF8\L_Distillery2_Audio.int"
"Tribo";"L_Distillery2_P.int";"Windows-1252";"304";"OK";"C:\Users\Usuario\Documents\GitHub\dishonored-traducao-analise\Tribo_INT_UTF8\L_Distillery2_P.int"
"Tribo";"L_Distillery2_Script.int";"Windows-1252";"2060";"OK";"C:\Users\Usuario\Documents\GitHub\dishonored-traducao-analise\Tribo_INT_UTF8\L_Distillery2_Script.int"
"Tribo";"L_DLC05_Arena_P.INT";"UTF-16 LE";"2228";"OK";"C:\Users\Usuario\Documents\GitHub\dishonored-traducao-analise\Tribo_INT_UTF8\L_DLC05_Arena_P.INT"
"Tribo";"L_DLC05_Arena_Script.INT";"UTF-16 LE";"1794";"OK";"C:\Users\Usuario\Documents\GitHub\dishonored-traducao-analise\Tribo_INT_UTF8\L_DLC05_Arena_Script.INT"
"Tribo";"L_DLC05_ATrain_P.INT";"UTF-16 LE";"244";"OK";"C:\Users\Usuario\Documents\GitHub\dishonored-traducao-analise\Tribo_INT_UTF8\L_DLC05_ATrain_P.INT"
"Tribo";"L_DLC05_ATrain_Script.INT";"UTF-16 LE";"1576";"OK";"C:\Users\Usuario\Documents\GitHub\dishonored-traducao-analise\Tribo_INT_UTF8\L_DLC05_ATrain_Script.INT"
"Tribo";"L_DLC05_BTM_P.INT";"UTF-16 LE";"2654";"OK";"C:\Users\Usuario\Documents\GitHub\dishonored-traducao-analise\Tribo_INT_UTF8\L_DLC05_BTM_P.INT"
"Tribo";"L_DLC05_BTM_Script_01.INT";"UTF-16 LE";"6352";"OK";"C:\Users\Usuario\Documents\GitHub\dishonored-traducao-analise\Tribo_INT_UTF8\L_DLC05_BTM_Script_01.INT"
"Tribo";"L_DLC05_BTM_Script_02.INT";"UTF-16 LE";"7032";"OK";"C:\Users\Usuario\Documents\GitHub\dishonored-traducao-analise\Tribo_INT_UTF8\L_DLC05_BTM_Script_02.INT"
"Tribo";"L_DLC05_BTM_Script_03.INT";"UTF-16 LE";"7734";"OK";"C:\Users\Usuario\Documents\GitHub\dishonored-traducao-analise\Tribo_INT_UTF8\L_DLC05_BTM_Script_03.INT"
"Tribo";"L_DLC05_BTM_Script_04.INT";"UTF-16 LE";"7900";"OK";"C:\Users\Usuario\Documents\GitHub\dishonored-traducao-analise\Tribo_INT_UTF8\L_DLC05_BTM_Script_04.INT"
"Tribo";"L_DLC05_BTM_Script_05.INT";"UTF-16 LE";"8598";"OK";"C:\Users\Usuario\Documents\GitHub\dishonored-traducao-analise\Tribo_INT_UTF8\L_DLC05_BTM_Script_05.INT"
"Tribo";"L_DLC05_BTM_Script_06.INT";"UTF-16 LE";"7332";"OK";"C:\Users\Usuario\Documents\GitHub\dishonored-traducao-analise\Tribo_INT_UTF8\L_DLC05_BTM_Script_06.INT"
"Tribo";"L_DLC05_ChainKill_P.INT";"UTF-16 LE";"2220";"OK";"C:\Users\Usuario\Documents\GitHub\dishonored-traducao-analise\Tribo_INT_UTF8\L_DLC05_ChainKill_P.INT"
"Tribo";"L_DLC05_ChainKill_Phase_01.INT";"UTF-16 LE";"3596";"OK";"C:\Users\Usuario\Documents\GitHub\dishonored-traducao-analise\Tribo_INT_UTF8\L_DLC05_ChainKill_Phase_01.INT"
"Tribo";"L_DLC05_ChainKill_Phase_02.INT";"UTF-16 LE";"3956";"OK";"C:\Users\Usuario\Documents\GitHub\dishonored-traducao-analise\Tribo_INT_UTF8\L_DLC05_ChainKill_Phase_02.INT"
"Tribo";"L_DLC05_ChainKill_Phase_03.INT";"UTF-16 LE";"4904";"OK";"C:\Users\Usuario\Documents\GitHub\dishonored-traducao-analise\Tribo_INT_UTF8\L_DLC05_ChainKill_Phase_03.INT"
"Tribo";"L_DLC05_ChainKill_Phase_04.INT";"UTF-16 LE";"6080";"OK";"C:\Users\Usuario\Documents\GitHub\dishonored-traducao-analise\Tribo_INT_UTF8\L_DLC05_ChainKill_Phase_04.INT"
"Tribo";"L_DLC05_ChainKill_Phase_05.INT";"UTF-16 LE";"7746";"OK";"C:\Users\Usuario\Documents\GitHub\dishonored-traducao-analise\Tribo_INT_UTF8\L_DLC05_ChainKill_Phase_05.INT"
"Tribo";"L_DLC05_ChainKill_Phase_06.INT";"UTF-16 LE";"6646";"OK";"C:\Users\Usuario\Documents\GitHub\dishonored-traducao-analise\Tribo_INT_UTF8\L_DLC05_ChainKill_Phase_06.INT"
"Tribo";"L_DLC05_ChainKill_Script.INT";"UTF-16 LE";"3392";"OK";"C:\Users\Usuario\Documents\GitHub\dishonored-traducao-analise\Tribo_INT_UTF8\L_DLC05_ChainKill_Script.INT"
"Tribo";"L_DLC05_Cntdwn_Script.INT";"UTF-16 LE";"5642";"OK";"C:\Users\Usuario\Documents\GitHub\dishonored-traducao-analise\Tribo_INT_UTF8\L_DLC05_Cntdwn_Script.INT"
"Tribo";"L_DLC05_Countdown_P.INT";"UTF-16 LE";"244";"OK";"C:\Users\Usuario\Documents\GitHub\dishonored-traducao-analise\Tribo_INT_UTF8\L_DLC05_Countdown_P.INT"
"Tribo";"L_DLC05_DropAttack_P.INT";"UTF-16 LE";"1574";"OK";"C:\Users\Usuario\Documents\GitHub\dishonored-traducao-analise\Tribo_INT_UTF8\L_DLC05_DropAttack_P.INT"
"Tribo";"L_DLC05_DrpAtt_Env.INT";"UTF-16 LE";"386";"OK";"C:\Users\Usuario\Documents\GitHub\dishonored-traducao-analise\Tribo_INT_UTF8\L_DLC05_DrpAtt_Env.INT"
"Tribo";"L_DLC05_DrpAtt_Script.INT";"UTF-16 LE";"408";"OK";"C:\Users\Usuario\Documents\GitHub\dishonored-traducao-analise\Tribo_INT_UTF8\L_DLC05_DrpAtt_Script.INT"
"Tribo";"L_DLC05_MysteryMan_P.INT";"UTF-16 LE";"786";"OK";"C:\Users\Usuario\Documents\GitHub\dishonored-traducao-analise\Tribo_INT_UTF8\L_DLC05_MysteryMan_P.INT"
"Tribo";"L_DLC05_MystMan_Audio.INT";"UTF-16 LE";"1788";"OK";"C:\Users\Usuario\Documents\GitHub\dishonored-traducao-analise\Tribo_INT_UTF8\L_DLC05_MystMan_Audio.INT"
"Tribo";"L_DLC05_MystMan_Env.INT";"UTF-16 LE";"130";"OK";"C:\Users\Usuario\Documents\GitHub\dishonored-traducao-analise\Tribo_INT_UTF8\L_DLC05_MystMan_Env.INT"
"Tribo";"L_DLC05_MystMan_Script.INT";"UTF-16 LE";"13924";"OK";"C:\Users\Usuario\Documents\GitHub\dishonored-traducao-analise\Tribo_INT_UTF8\L_DLC05_MystMan_Script.INT"
"Tribo";"L_DLC05_OilRain_Script.INT";"UTF-16 LE";"4224";"OK";"C:\Users\Usuario\Documents\GitHub\dishonored-traducao-analise\Tribo_INT_UTF8\L_DLC05_OilRain_Script.INT"
"Tribo";"L_DLC05_Race_Script.INT";"UTF-16 LE";"4358";"OK";"C:\Users\Usuario\Documents\GitHub\dishonored-traducao-analise\Tribo_INT_UTF8\L_DLC05_Race_Script.INT"
"Tribo";"L_DLC05_Thief_Audio.INT";"UTF-16 LE";"3058";"OK";"C:\Users\Usuario\Documents\GitHub\dishonored-traducao-analise\Tribo_INT_UTF8\L_DLC05_Thief_Audio.INT"
"Tribo";"L_DLC05_Thief_P.INT";"UTF-16 LE";"960";"OK";"C:\Users\Usuario\Documents\GitHub\dishonored-traducao-analise\Tribo_INT_UTF8\L_DLC05_Thief_P.INT"
"Tribo";"L_DLC05_Thief_Script.INT";"UTF-16 LE";"18586";"OK";"C:\Users\Usuario\Documents\GitHub\dishonored-traducao-analise\Tribo_INT_UTF8\L_DLC05_Thief_Script.INT"
"Tribo";"L_DLC07_BaseIntro_Audio.INT";"UTF-16 LE";"506";"OK";"C:\Users\Usuario\Documents\GitHub\dishonored-traducao-analise\Tribo_INT_UTF8\L_DLC07_BaseIntro_Audio.INT"
"Tribo";"L_DLC07_BaseIntro_Script.INT";"UTF-16 LE";"2436";"OK";"C:\Users\Usuario\Documents\GitHub\dishonored-traducao-analise\Tribo_INT_UTF8\L_DLC07_BaseIntro_Script.INT"
"Tribo";"L_DLC07_Brig_Ext_Audio.INT";"UTF-16 LE";"128";"OK";"C:\Users\Usuario\Documents\GitHub\dishonored-traducao-analise\Tribo_INT_UTF8\L_DLC07_Brig_Ext_Audio.INT"
"Tribo";"L_DLC07_Brig_Ext_P.INT";"UTF-16 LE";"408";"OK";"C:\Users\Usuario\Documents\GitHub\dishonored-traducao-analise\Tribo_INT_UTF8\L_DLC07_Brig_Ext_P.INT"
"Tribo";"L_DLC07_Brig_Ext_Script.INT";"UTF-16 LE";"7010";"OK";"C:\Users\Usuario\Documents\GitHub\dishonored-traducao-analise\Tribo_INT_UTF8\L_DLC07_Brig_Ext_Script.INT"
"Tribo";"L_DLC07_Brig_ScriptNew.INT";"UTF-16 LE";"280";"OK";"C:\Users\Usuario\Documents\GitHub\dishonored-traducao-analise\Tribo_INT_UTF8\L_DLC07_Brig_ScriptNew.INT"
"Tribo";"L_DLC07_Brigmore_Int_Audio.INT";"UTF-16 LE";"514";"OK";"C:\Users\Usuario\Documents\GitHub\dishonored-traducao-analise\Tribo_INT_UTF8\L_DLC07_Brigmore_Int_Audio.INT"
"Tribo";"L_DLC07_Brigmore_Int_Script.INT";"UTF-16 LE";"6388";"OK";"C:\Users\Usuario\Documents\GitHub\dishonored-traducao-analise\Tribo_INT_UTF8\L_DLC07_Brigmore_Int_Script.INT"
"Tribo";"L_DLC07_Brigmore_Void_Script.INT";"UTF-16 LE";"4836";"OK";"C:\Users\Usuario\Documents\GitHub\dishonored-traducao-analise\Tribo_INT_UTF8\L_DLC07_Brigmore_Void_Script.INT"
"Tribo";"L_DLC07_Coldridge_Audio.INT";"UTF-16 LE";"1150";"OK";"C:\Users\Usuario\Documents\GitHub\dishonored-traducao-analise\Tribo_INT_UTF8\L_DLC07_Coldridge_Audio.INT"
"Tribo";"L_DLC07_Coldridge_Script.INT";"UTF-16 LE";"31582";"OK";"C:\Users\Usuario\Documents\GitHub\dishonored-traducao-analise\Tribo_INT_UTF8\L_DLC07_Coldridge_Script.INT"
"Tribo";"L_DLC07_DraperMill_Audio.INT";"UTF-16 LE";"506";"OK";"C:\Users\Usuario\Documents\GitHub\dishonored-traducao-analise\Tribo_INT_UTF8\L_DLC07_DraperMill_Audio.INT"
"Tribo";"L_DLC07_DraperMill_P.INT";"UTF-16 LE";"1362";"OK";"C:\Users\Usuario\Documents\GitHub\dishonored-traducao-analise\Tribo_INT_UTF8\L_DLC07_DraperMill_P.INT"
"Tribo";"L_DLC07_DraperMill_Script.INT";"UTF-16 LE";"14826";"OK";"C:\Users\Usuario\Documents\GitHub\dishonored-traducao-analise\Tribo_INT_UTF8\L_DLC07_DraperMill_Script.INT"
"Tribo";"L_DLC07_DraperSewer_Audio.INT";"UTF-16 LE";"380";"OK";"C:\Users\Usuario\Documents\GitHub\dishonored-traducao-analise\Tribo_INT_UTF8\L_DLC07_DraperSewer_Audio.INT"
"Tribo";"L_DLC07_DraperSewer_Script.INT";"UTF-16 LE";"1962";"OK";"C:\Users\Usuario\Documents\GitHub\dishonored-traducao-analise\Tribo_INT_UTF8\L_DLC07_DraperSewer_Script.INT"
"Tribo";"L_DLC07_DraperSewers_P.INT";"UTF-16 LE";"2546";"OK";"C:\Users\Usuario\Documents\GitHub\dishonored-traducao-analise\Tribo_INT_UTF8\L_DLC07_DraperSewers_P.INT"
"Tribo";"L_DLC07_DraperShip_Loot.INT";"UTF-16 LE";"518";"OK";"C:\Users\Usuario\Documents\GitHub\dishonored-traducao-analise\Tribo_INT_UTF8\L_DLC07_DraperShip_Loot.INT"
"Tribo";"L_DLC07_DraperShip_P.INT";"UTF-16 LE";"1370";"OK";"C:\Users\Usuario\Documents\GitHub\dishonored-traducao-analise\Tribo_INT_UTF8\L_DLC07_DraperShip_P.INT"
"Tribo";"L_DLC07_DraperShip_Script.INT";"UTF-16 LE";"6486";"OK";"C:\Users\Usuario\Documents\GitHub\dishonored-traducao-analise\Tribo_INT_UTF8\L_DLC07_DraperShip_Script.INT"
"Tribo";"L_DLC07_DraperStreets_Audio.INT";"UTF-16 LE";"380";"OK";"C:\Users\Usuario\Documents\GitHub\dishonored-traducao-analise\Tribo_INT_UTF8\L_DLC07_DraperStreets_Audio.INT"
"Tribo";"L_DLC07_DraperStreets_Loot.INT";"UTF-16 LE";"1310";"OK";"C:\Users\Usuario\Documents\GitHub\dishonored-traducao-analise\Tribo_INT_UTF8\L_DLC07_DraperStreets_Loot.INT"
"Tribo";"L_DLC07_DraperStreets_P.INT";"UTF-16 LE";"1340";"OK";"C:\Users\Usuario\Documents\GitHub\dishonored-traducao-analise\Tribo_INT_UTF8\L_DLC07_DraperStreets_P.INT"
"Tribo";"L_DLC07_DraperStreets_Script.INT";"UTF-16 LE";"11250";"OK";"C:\Users\Usuario\Documents\GitHub\dishonored-traducao-analise\Tribo_INT_UTF8\L_DLC07_DraperStreets_Script.INT"
"Tribo";"L_DLC07_Endgame_Script.INT";"UTF-16 LE";"424";"OK";"C:\Users\Usuario\Documents\GitHub\dishonored-traducao-analise\Tribo_INT_UTF8\L_DLC07_Endgame_Script.INT"
"Tribo";"L_Flooded_FAssassins_Audio.int";"UTF-8";"359";"OK";"C:\Users\Usuario\Documents\GitHub\dishonored-traducao-analise\Tribo_INT_UTF8\L_Flooded_FAssassins_Audio.int"
"Tribo";"L_Flooded_FAssassins_P.int";"Windows-1252";"477";"OK";"C:\Users\Usuario\Documents\GitHub\dishonored-traducao-analise\Tribo_INT_UTF8\L_Flooded_FAssassins_P.int"
"Tribo";"L_Flooded_FAssassins_Script.int";"UTF-16 LE";"4298";"OK";"C:\Users\Usuario\Documents\GitHub\dishonored-traducao-analise\Tribo_INT_UTF8\L_Flooded_FAssassins_Script.int"
"Tribo";"L_Flooded_FGate_Audio.int";"Windows-1252";"1563";"OK";"C:\Users\Usuario\Documents\GitHub\dishonored-traducao-analise\Tribo_INT_UTF8\L_Flooded_FGate_Audio.int"
"Tribo";"L_Flooded_FGate_P.int";"Windows-1252";"622";"OK";"C:\Users\Usuario\Documents\GitHub\dishonored-traducao-analise\Tribo_INT_UTF8\L_Flooded_FGate_P.int"
"Tribo";"L_Flooded_FGate_Script.int";"Windows-1252";"2788";"OK";"C:\Users\Usuario\Documents\GitHub\dishonored-traducao-analise\Tribo_INT_UTF8\L_Flooded_FGate_Script.int"
"Tribo";"L_Flooded_FRefinery_Audio.int";"UTF-8";"162";"OK";"C:\Users\Usuario\Documents\GitHub\dishonored-traducao-analise\Tribo_INT_UTF8\L_Flooded_FRefinery_Audio.int"
"Tribo";"L_Flooded_FRefinery_Intro.int";"UTF-8";"148";"OK";"C:\Users\Usuario\Documents\GitHub\dishonored-traducao-analise\Tribo_INT_UTF8\L_Flooded_FRefinery_Intro.int"
"Tribo";"L_Flooded_FRefinery_P.int";"Windows-1252";"506";"OK";"C:\Users\Usuario\Documents\GitHub\dishonored-traducao-analise\Tribo_INT_UTF8\L_Flooded_FRefinery_P.int"
"Tribo";"L_Flooded_FRefinery_Script.int";"Windows-1252";"1051";"OK";"C:\Users\Usuario\Documents\GitHub\dishonored-traducao-analise\Tribo_INT_UTF8\L_Flooded_FRefinery_Script.int"
"Tribo";"L_Flooded_FStreets_P.int";"UTF-8";"707";"OK";"C:\Users\Usuario\Documents\GitHub\dishonored-traducao-analise\Tribo_INT_UTF8\L_Flooded_FStreets_P.int"
"Tribo";"L_Flooded_FStreets_Script.int";"Windows-1252";"994";"OK";"C:\Users\Usuario\Documents\GitHub\dishonored-traducao-analise\Tribo_INT_UTF8\L_Flooded_FStreets_Script.int"
"Tribo";"L_Galvani1_Audio.int";"Windows-1252";"1455";"OK";"C:\Users\Usuario\Documents\GitHub\dishonored-traducao-analise\Tribo_INT_UTF8\L_Galvani1_Audio.int"
"Tribo";"L_Galvani1_Scripts.int";"Windows-1252";"1428";"OK";"C:\Users\Usuario\Documents\GitHub\dishonored-traducao-analise\Tribo_INT_UTF8\L_Galvani1_Scripts.int"
"Tribo";"L_Galvani1_Strt1_Scripts.int";"Windows-1252";"309";"OK";"C:\Users\Usuario\Documents\GitHub\dishonored-traducao-analise\Tribo_INT_UTF8\L_Galvani1_Strt1_Scripts.int"
"Tribo";"L_Galvani1_Strt2_Scripts.int";"Windows-1252";"700";"OK";"C:\Users\Usuario\Documents\GitHub\dishonored-traducao-analise\Tribo_INT_UTF8\L_Galvani1_Strt2_Scripts.int"
"Tribo";"L_Isl_Audio_Master.int";"UTF-8";"209";"OK";"C:\Users\Usuario\Documents\GitHub\dishonored-traducao-analise\Tribo_INT_UTF8\L_Isl_Audio_Master.int"
"Tribo";"L_Isl_Audio_Slave.int";"UTF-8";"209";"OK";"C:\Users\Usuario\Documents\GitHub\dishonored-traducao-analise\Tribo_INT_UTF8\L_Isl_Audio_Slave.int"
"Tribo";"L_Isl_Common_Master.int";"UTF-8";"2012";"OK";"C:\Users\Usuario\Documents\GitHub\dishonored-traducao-analise\Tribo_INT_UTF8\L_Isl_Common_Master.int"
"Tribo";"L_Isl_Common_Slave.int";"UTF-8";"2012";"OK";"C:\Users\Usuario\Documents\GitHub\dishonored-traducao-analise\Tribo_INT_UTF8\L_Isl_Common_Slave.int"
"Tribo";"L_Isl_Geom_Master.int";"UTF-8";"324";"OK";"C:\Users\Usuario\Documents\GitHub\dishonored-traducao-analise\Tribo_INT_UTF8\L_Isl_Geom_Master.int"
"Tribo";"L_Isl_Geom_Slave.int";"UTF-8";"324";"OK";"C:\Users\Usuario\Documents\GitHub\dishonored-traducao-analise\Tribo_INT_UTF8\L_Isl_Geom_Slave.int"
"Tribo";"L_Isl_HighChaos_Script.int";"UTF-8";"658";"OK";"C:\Users\Usuario\Documents\GitHub\dishonored-traducao-analise\Tribo_INT_UTF8\L_Isl_HighChaos_Script.int"
"Tribo";"L_Isl_LowChaos_Script.int";"UTF-8";"161";"OK";"C:\Users\Usuario\Documents\GitHub\dishonored-traducao-analise\Tribo_INT_UTF8\L_Isl_LowChaos_Script.int"
"Tribo";"L_Isl_Script_Master.int";"UTF-8";"2875";"OK";"C:\Users\Usuario\Documents\GitHub\dishonored-traducao-analise\Tribo_INT_UTF8\L_Isl_Script_Master.int"
"Tribo";"L_Isl_Script_Slave.int";"UTF-8";"2872";"OK";"C:\Users\Usuario\Documents\GitHub\dishonored-traducao-analise\Tribo_INT_UTF8\L_Isl_Script_Slave.int"
"Tribo";"L_LightH_Audio_Master.int";"UTF-8";"162";"OK";"C:\Users\Usuario\Documents\GitHub\dishonored-traducao-analise\Tribo_INT_UTF8\L_LightH_Audio_Master.int"
"Tribo";"L_LightH_Audio_Slave.int";"UTF-8";"162";"OK";"C:\Users\Usuario\Documents\GitHub\dishonored-traducao-analise\Tribo_INT_UTF8\L_LightH_Audio_Slave.int"
"Tribo";"L_LightH_HighChaos_Script.int";"UTF-8";"989";"OK";"C:\Users\Usuario\Documents\GitHub\dishonored-traducao-analise\Tribo_INT_UTF8\L_LightH_HighChaos_Script.int"
"Tribo";"L_LightH_LowChaos_Script.int";"UTF-8";"762";"OK";"C:\Users\Usuario\Documents\GitHub\dishonored-traducao-analise\Tribo_INT_UTF8\L_LightH_LowChaos_Script.int"
"Tribo";"L_LightH_Script_Master.int";"Windows-1252";"669";"OK";"C:\Users\Usuario\Documents\GitHub\dishonored-traducao-analise\Tribo_INT_UTF8\L_LightH_Script_Master.int"
"Tribo";"L_LightH_Script_Slave.int";"Windows-1252";"669";"OK";"C:\Users\Usuario\Documents\GitHub\dishonored-traducao-analise\Tribo_INT_UTF8\L_LightH_Script_Slave.int"
"Tribo";"L_OutsiderDream_P.int";"UTF-8";"81";"OK";"C:\Users\Usuario\Documents\GitHub\dishonored-traducao-analise\Tribo_INT_UTF8\L_OutsiderDream_P.int"
"Tribo";"L_OutsiderDream_Script.int";"Windows-1252";"2546";"OK";"C:\Users\Usuario\Documents\GitHub\dishonored-traducao-analise\Tribo_INT_UTF8\L_OutsiderDream_Script.int"
"Tribo";"L_Ovrsr_Audio.int";"Windows-1252";"1859";"OK";"C:\Users\Usuario\Documents\GitHub\dishonored-traducao-analise\Tribo_INT_UTF8\L_Ovrsr_Audio.int"
"Tribo";"L_Ovrsr_Back_Audio.int";"Windows-1252";"583";"OK";"C:\Users\Usuario\Documents\GitHub\dishonored-traducao-analise\Tribo_INT_UTF8\L_Ovrsr_Back_Audio.int"
"Tribo";"L_Ovrsr_Back_Script.int";"Windows-1252";"5475";"OK";"C:\Users\Usuario\Documents\GitHub\dishonored-traducao-analise\Tribo_INT_UTF8\L_Ovrsr_Back_Script.int"
"Tribo";"L_Ovrsr_Kennel_Audio.int";"Windows-1252";"755";"OK";"C:\Users\Usuario\Documents\GitHub\dishonored-traducao-analise\Tribo_INT_UTF8\L_Ovrsr_Kennel_Audio.int"
"Tribo";"L_Ovrsr_Kennel_Script.int";"Windows-1252";"3963";"OK";"C:\Users\Usuario\Documents\GitHub\dishonored-traducao-analise\Tribo_INT_UTF8\L_Ovrsr_Kennel_Script.int"
"Tribo";"L_Ovrsr_ReturnPath.int";"UTF-8";"324";"OK";"C:\Users\Usuario\Documents\GitHub\dishonored-traducao-analise\Tribo_INT_UTF8\L_Ovrsr_ReturnPath.int"
"Tribo";"L_Ovrsr_Script.int";"Windows-1252";"10007";"OK";"C:\Users\Usuario\Documents\GitHub\dishonored-traducao-analise\Tribo_INT_UTF8\L_Ovrsr_Script.int"
"Tribo";"L_Prison_Audio.int";"Windows-1252";"762";"OK";"C:\Users\Usuario\Documents\GitHub\dishonored-traducao-analise\Tribo_INT_UTF8\L_Prison_Audio.int"
"Tribo";"L_Prison_P.int";"UTF-8";"81";"OK";"C:\Users\Usuario\Documents\GitHub\dishonored-traducao-analise\Tribo_INT_UTF8\L_Prison_P.int"
"Tribo";"L_Prison_Script.int";"Windows-1252";"12010";"OK";"C:\Users\Usuario\Documents\GitHub\dishonored-traducao-analise\Tribo_INT_UTF8\L_Prison_Script.int"
"Tribo";"L_PrsnSewer_geo.int";"UTF-8";"324";"OK";"C:\Users\Usuario\Documents\GitHub\dishonored-traducao-analise\Tribo_INT_UTF8\L_PrsnSewer_geo.int"
"Tribo";"L_PrsnSewer_P.int";"Windows-1252";"236";"OK";"C:\Users\Usuario\Documents\GitHub\dishonored-traducao-analise\Tribo_INT_UTF8\L_PrsnSewer_P.int"
"Tribo";"L_PrsnSewer_RatScene.int";"UTF-8";"162";"OK";"C:\Users\Usuario\Documents\GitHub\dishonored-traducao-analise\Tribo_INT_UTF8\L_PrsnSewer_RatScene.int"
"Tribo";"L_PrsnSewer_Script.int";"Windows-1252";"2044";"OK";"C:\Users\Usuario\Documents\GitHub\dishonored-traducao-analise\Tribo_INT_UTF8\L_PrsnSewer_Script.int"
"Tribo";"L_Pub_Assault_Env.int";"UTF-8";"115";"OK";"C:\Users\Usuario\Documents\GitHub\dishonored-traducao-analise\Tribo_INT_UTF8\L_Pub_Assault_Env.int"
"Tribo";"L_Pub_Day_Audio.int";"Windows-1252";"2442";"OK";"C:\Users\Usuario\Documents\GitHub\dishonored-traducao-analise\Tribo_INT_UTF8\L_Pub_Day_Audio.int"
"Tribo";"L_Pub_Day_Env.int";"UTF-8";"196";"OK";"C:\Users\Usuario\Documents\GitHub\dishonored-traducao-analise\Tribo_INT_UTF8\L_Pub_Day_Env.int"
"Tribo";"L_Pub_Dusk_Audio.int";"Windows-1252";"2429";"OK";"C:\Users\Usuario\Documents\GitHub\dishonored-traducao-analise\Tribo_INT_UTF8\L_Pub_Dusk_Audio.int"
"Tribo";"L_Pub_Dusk_Env.int";"UTF-8";"196";"OK";"C:\Users\Usuario\Documents\GitHub\dishonored-traducao-analise\Tribo_INT_UTF8\L_Pub_Dusk_Env.int"
"Tribo";"L_Pub_Dusk_P.int";"Windows-1252";"141";"OK";"C:\Users\Usuario\Documents\GitHub\dishonored-traducao-analise\Tribo_INT_UTF8\L_Pub_Dusk_P.int"
"Tribo";"L_Pub_FromBoyle_Script.int";"Windows-1252";"1323";"OK";"C:\Users\Usuario\Documents\GitHub\dishonored-traducao-analise\Tribo_INT_UTF8\L_Pub_FromBoyle_Script.int"
"Tribo";"L_Pub_FromBridge_Script.int";"Windows-1252";"790";"OK";"C:\Users\Usuario\Documents\GitHub\dishonored-traducao-analise\Tribo_INT_UTF8\L_Pub_FromBridge_Script.int"
"Tribo";"L_Pub_FromBridge_Script_Sleep.int";"Windows-1252";"779";"OK";"C:\Users\Usuario\Documents\GitHub\dishonored-traducao-analise\Tribo_INT_UTF8\L_Pub_FromBridge_Script_Sleep.int"
"Tribo";"L_Pub_FromBrothel_Script.int";"Windows-1252";"946";"OK";"C:\Users\Usuario\Documents\GitHub\dishonored-traducao-analise\Tribo_INT_UTF8\L_Pub_FromBrothel_Script.int"
"Tribo";"L_Pub_FromFlooded_Script.int";"Windows-1252";"6812";"OK";"C:\Users\Usuario\Documents\GitHub\dishonored-traducao-analise\Tribo_INT_UTF8\L_Pub_FromFlooded_Script.int"
"Tribo";"L_Pub_FromOvrsr_Script.int";"Windows-1252";"1139";"OK";"C:\Users\Usuario\Documents\GitHub\dishonored-traducao-analise\Tribo_INT_UTF8\L_Pub_FromOvrsr_Script.int"
"Tribo";"L_Pub_FromOvrsr_Script_Sleep.int";"Windows-1252";"3388";"OK";"C:\Users\Usuario\Documents\GitHub\dishonored-traducao-analise\Tribo_INT_UTF8\L_Pub_FromOvrsr_Script_Sleep.int"
"Tribo";"L_Pub_FromPrison_Script.int";"Windows-1252";"4741";"OK";"C:\Users\Usuario\Documents\GitHub\dishonored-traducao-analise\Tribo_INT_UTF8\L_Pub_FromPrison_Script.int"
"Tribo";"L_Pub_FromPrison_Script_Sleep.int";"Windows-1252";"941";"OK";"C:\Users\Usuario\Documents\GitHub\dishonored-traducao-analise\Tribo_INT_UTF8\L_Pub_FromPrison_Script_Sleep.int"
"Tribo";"L_Pub_FromTwrReturn_Script.int";"UTF-8";"714";"OK";"C:\Users\Usuario\Documents\GitHub\dishonored-traducao-analise\Tribo_INT_UTF8\L_Pub_FromTwrReturn_Script.int"
"Tribo";"L_Pub_Morning_Audio.int";"Windows-1252";"2061";"OK";"C:\Users\Usuario\Documents\GitHub\dishonored-traducao-analise\Tribo_INT_UTF8\L_Pub_Morning_Audio.int"
"Tribo";"L_Pub_Morning_Env.int";"UTF-8";"196";"OK";"C:\Users\Usuario\Documents\GitHub\dishonored-traducao-analise\Tribo_INT_UTF8\L_Pub_Morning_Env.int"
"Tribo";"L_Pub_Morning_P.int";"Windows-1252";"140";"OK";"C:\Users\Usuario\Documents\GitHub\dishonored-traducao-analise\Tribo_INT_UTF8\L_Pub_Morning_P.int"
"Tribo";"L_Pub_Night_Audio.int";"Windows-1252";"2345";"OK";"C:\Users\Usuario\Documents\GitHub\dishonored-traducao-analise\Tribo_INT_UTF8\L_Pub_Night_Audio.int"
"Tribo";"L_Pub_Night_Env.int";"UTF-8";"196";"OK";"C:\Users\Usuario\Documents\GitHub\dishonored-traducao-analise\Tribo_INT_UTF8\L_Pub_Night_Env.int"
"Tribo";"L_Streets1_Audio.int";"Windows-1252";"216";"OK";"C:\Users\Usuario\Documents\GitHub\dishonored-traducao-analise\Tribo_INT_UTF8\L_Streets1_Audio.int"
"Tribo";"L_Streets1_P.int";"Windows-1252";"216";"OK";"C:\Users\Usuario\Documents\GitHub\dishonored-traducao-analise\Tribo_INT_UTF8\L_Streets1_P.int"
"Tribo";"L_Streets1_Script.int";"Windows-1252";"5743";"OK";"C:\Users\Usuario\Documents\GitHub\dishonored-traducao-analise\Tribo_INT_UTF8\L_Streets1_Script.int"
"Tribo";"L_Streets2_Audio.int";"Windows-1252";"136";"OK";"C:\Users\Usuario\Documents\GitHub\dishonored-traducao-analise\Tribo_INT_UTF8\L_Streets2_Audio.int"
"Tribo";"L_Streets2_P.int";"UTF-8";"120";"OK";"C:\Users\Usuario\Documents\GitHub\dishonored-traducao-analise\Tribo_INT_UTF8\L_Streets2_P.int"
"Tribo";"L_Streets2_Script.int";"Windows-1252";"5287";"OK";"C:\Users\Usuario\Documents\GitHub\dishonored-traducao-analise\Tribo_INT_UTF8\L_Streets2_Script.int"
"Tribo";"L_Streetsewer_Audio.int";"UTF-8";"136";"OK";"C:\Users\Usuario\Documents\GitHub\dishonored-traducao-analise\Tribo_INT_UTF8\L_Streetsewer_Audio.int"
"Tribo";"L_Streetsewer_P.int";"UTF-8";"224";"OK";"C:\Users\Usuario\Documents\GitHub\dishonored-traducao-analise\Tribo_INT_UTF8\L_Streetsewer_P.int"
"Tribo";"L_Streetsewer_Script.int";"Windows-1252";"6934";"OK";"C:\Users\Usuario\Documents\GitHub\dishonored-traducao-analise\Tribo_INT_UTF8\L_Streetsewer_Script.int"
"Tribo";"L_Tower_Script.int";"Windows-1252";"4743";"OK";"C:\Users\Usuario\Documents\GitHub\dishonored-traducao-analise\Tribo_INT_UTF8\L_Tower_Script.int"
"Tribo";"L_TowerRtrn_Int_Audio.int";"Windows-1252";"3152";"OK";"C:\Users\Usuario\Documents\GitHub\dishonored-traducao-analise\Tribo_INT_UTF8\L_TowerRtrn_Int_Audio.int"
"Tribo";"L_TowerRtrn_Int_Script.int";"Windows-1252";"6109";"OK";"C:\Users\Usuario\Documents\GitHub\dishonored-traducao-analise\Tribo_INT_UTF8\L_TowerRtrn_Int_Script.int"
"Tribo";"L_TowerRtrn_Yard_Audio.int";"Windows-1252";"899";"OK";"C:\Users\Usuario\Documents\GitHub\dishonored-traducao-analise\Tribo_INT_UTF8\L_TowerRtrn_Yard_Audio.int"
"Tribo";"L_TowerRtrn_Yard_P.int";"UTF-8";"250";"OK";"C:\Users\Usuario\Documents\GitHub\dishonored-traducao-analise\Tribo_INT_UTF8\L_TowerRtrn_Yard_P.int"
"Tribo";"L_TowerRtrn_Yard_Roof_Script.int";"UTF-8";"488";"OK";"C:\Users\Usuario\Documents\GitHub\dishonored-traducao-analise\Tribo_INT_UTF8\L_TowerRtrn_Yard_Roof_Script.int"
"Tribo";"L_TowerRtrn_Yard_Script.int";"Windows-1252";"1678";"OK";"C:\Users\Usuario\Documents\GitHub\dishonored-traducao-analise\Tribo_INT_UTF8\L_TowerRtrn_Yard_Script.int"
"Tribo";"Lighthouse_Island_MS.int";"UTF-16 LE";"9972";"OK";"C:\Users\Usuario\Documents\GitHub\dishonored-traducao-analise\Tribo_INT_UTF8\Lighthouse_Island_MS.int"
"Tribo";"Lighthouse_Objectives.int";"Windows-1252";"1968";"OK";"C:\Users\Usuario\Documents\GitHub\dishonored-traducao-analise\Tribo_INT_UTF8\Lighthouse_Objectives.int"
"Tribo";"Lighthouse_Tweaks.int";"UTF-16 LE";"7362";"OK";"C:\Users\Usuario\Documents\GitHub\dishonored-traducao-analise\Tribo_INT_UTF8\Lighthouse_Tweaks.int"
"Tribo";"Lighthouse_Twk.int";"UTF-16 LE";"4300";"OK";"C:\Users\Usuario\Documents\GitHub\dishonored-traducao-analise\Tribo_INT_UTF8\Lighthouse_Twk.int"
"Tribo";"LocationMaps_Assets.int";"Windows-1252";"4806";"OK";"C:\Users\Usuario\Documents\GitHub\dishonored-traducao-analise\Tribo_INT_UTF8\LocationMaps_Assets.int"
"Tribo";"Money_twk.int";"Windows-1252";"37276";"OK";"C:\Users\Usuario\Documents\GitHub\dishonored-traducao-analise\Tribo_INT_UTF8\Money_twk.int"
"Tribo";"Money_twk_Abs.int";"UTF-8";"147";"OK";"C:\Users\Usuario\Documents\GitHub\dishonored-traducao-analise\Tribo_INT_UTF8\Money_twk_Abs.int"
"Tribo";"movable_twk.int";"Windows-1252";"29305";"OK";"C:\Users\Usuario\Documents\GitHub\dishonored-traducao-analise\Tribo_INT_UTF8\movable_twk.int"
"Tribo";"MovableLimb_Interact_twk.int";"Windows-1252";"215";"OK";"C:\Users\Usuario\Documents\GitHub\dishonored-traducao-analise\Tribo_INT_UTF8\MovableLimb_Interact_twk.int"
"Tribo";"MysteryMan_MS.int";"UTF-16 LE";"14628";"OK";"C:\Users\Usuario\Documents\GitHub\dishonored-traducao-analise\Tribo_INT_UTF8\MysteryMan_MS.int"
"Tribo";"OilRain_MS.int";"UTF-16 LE";"6012";"OK";"C:\Users\Usuario\Documents\GitHub\dishonored-traducao-analise\Tribo_INT_UTF8\OilRain_MS.int"
"Tribo";"OutsiderDream_Objectives.int";"Windows-1252";"614";"OK";"C:\Users\Usuario\Documents\GitHub\dishonored-traducao-analise\Tribo_INT_UTF8\OutsiderDream_Objectives.int"
"Tribo";"OutsiderShrine_twk.int";"Windows-1252";"241";"OK";"C:\Users\Usuario\Documents\GitHub\dishonored-traducao-analise\Tribo_INT_UTF8\OutsiderShrine_twk.int"
"Tribo";"Overseer_DesignTemp.int";"UTF-16 LE";"1944";"OK";"C:\Users\Usuario\Documents\GitHub\dishonored-traducao-analise\Tribo_INT_UTF8\Overseer_DesignTemp.int"
"Tribo";"Overseer_MS.int";"UTF-16 LE";"1456";"OK";"C:\Users\Usuario\Documents\GitHub\dishonored-traducao-analise\Tribo_INT_UTF8\Overseer_MS.int"
"Tribo";"Overseer_Twk.int";"UTF-16 LE";"36874";"OK";"C:\Users\Usuario\Documents\GitHub\dishonored-traducao-analise\Tribo_INT_UTF8\Overseer_Twk.int"
"Tribo";"Ovrsr_AbstractInv_Assets.int";"UTF-8";"3643";"OK";"C:\Users\Usuario\Documents\GitHub\dishonored-traducao-analise\Tribo_INT_UTF8\Ovrsr_AbstractInv_Assets.int"
"Tribo";"Ovrsr_AbstractInv_MS.int";"UTF-16 LE";"55448";"OK";"C:\Users\Usuario\Documents\GitHub\dishonored-traducao-analise\Tribo_INT_UTF8\Ovrsr_AbstractInv_MS.int"
"Tribo";"Ovrsr_Objectives.int";"Windows-1252";"4209";"OK";"C:\Users\Usuario\Documents\GitHub\dishonored-traducao-analise\Tribo_INT_UTF8\Ovrsr_Objectives.int"
"Tribo";"PASpeaker_twk.int";"UTF-8";"196";"OK";"C:\Users\Usuario\Documents\GitHub\dishonored-traducao-analise\Tribo_INT_UTF8\PASpeaker_twk.int"
"Tribo";"Pawn_FighterCiv_MTall_1.int";"UTF-16 LE";"766";"OK";"C:\Users\Usuario\Documents\GitHub\dishonored-traducao-analise\Tribo_INT_UTF8\Pawn_FighterCiv_MTall_1.int"
"Tribo";"Pickups_twk.int";"UTF-16 LE";"50776";"OK";"C:\Users\Usuario\Documents\GitHub\dishonored-traducao-analise\Tribo_INT_UTF8\Pickups_twk.int"
"Tribo";"Pickups_twk_Keys.int";"UTF-8";"2545";"OK";"C:\Users\Usuario\Documents\GitHub\dishonored-traducao-analise\Tribo_INT_UTF8\Pickups_twk_Keys.int"
"Tribo";"Prison_AbstractInv_Assets.int";"Windows-1252";"795";"OK";"C:\Users\Usuario\Documents\GitHub\dishonored-traducao-analise\Tribo_INT_UTF8\Prison_AbstractInv_Assets.int"
"Tribo";"Prison_AbstractInv_MS.int";"UTF-16 LE";"1898";"OK";"C:\Users\Usuario\Documents\GitHub\dishonored-traducao-analise\Tribo_INT_UTF8\Prison_AbstractInv_MS.int"
"Tribo";"Prison_MS.int";"UTF-16 LE";"6064";"OK";"C:\Users\Usuario\Documents\GitHub\dishonored-traducao-analise\Tribo_INT_UTF8\Prison_MS.int"
"Tribo";"Prison_Objectives.int";"Windows-1252";"3341";"OK";"C:\Users\Usuario\Documents\GitHub\dishonored-traducao-analise\Tribo_INT_UTF8\Prison_Objectives.int"
"Tribo";"PrsnSewer_Twk.int";"Windows-1252";"2228";"OK";"C:\Users\Usuario\Documents\GitHub\dishonored-traducao-analise\Tribo_INT_UTF8\PrsnSewer_Twk.int"
"Tribo";"Pub_Objectives.int";"Windows-1252";"11094";"OK";"C:\Users\Usuario\Documents\GitHub\dishonored-traducao-analise\Tribo_INT_UTF8\Pub_Objectives.int"
"Tribo";"Pwn_Aristo_F_1.int";"UTF-16 LE";"728";"OK";"C:\Users\Usuario\Documents\GitHub\dishonored-traducao-analise\Tribo_INT_UTF8\Pwn_Aristo_F_1.int"
"Tribo";"Pwn_Aristo_F_1_Mask1.int";"UTF-16 LE";"752";"OK";"C:\Users\Usuario\Documents\GitHub\dishonored-traducao-analise\Tribo_INT_UTF8\Pwn_Aristo_F_1_Mask1.int"
"Tribo";"Pwn_Aristo_F_2.int";"UTF-16 LE";"728";"OK";"C:\Users\Usuario\Documents\GitHub\dishonored-traducao-analise\Tribo_INT_UTF8\Pwn_Aristo_F_2.int"
"Tribo";"Pwn_Aristo_F_3.int";"UTF-16 LE";"728";"OK";"C:\Users\Usuario\Documents\GitHub\dishonored-traducao-analise\Tribo_INT_UTF8\Pwn_Aristo_F_3.int"
"Tribo";"Pwn_Aristo_F_4.int";"UTF-16 LE";"728";"OK";"C:\Users\Usuario\Documents\GitHub\dishonored-traducao-analise\Tribo_INT_UTF8\Pwn_Aristo_F_4.int"
"Tribo";"Pwn_Aristo_MTall_1.int";"UTF-16 LE";"744";"OK";"C:\Users\Usuario\Documents\GitHub\dishonored-traducao-analise\Tribo_INT_UTF8\Pwn_Aristo_MTall_1.int"
"Tribo";"Pwn_Aristo_MTall_1_Mask1.int";"UTF-16 LE";"784";"OK";"C:\Users\Usuario\Documents\GitHub\dishonored-traducao-analise\Tribo_INT_UTF8\Pwn_Aristo_MTall_1_Mask1.int"
"Tribo";"Pwn_Aristo_MTall_2.int";"UTF-16 LE";"744";"OK";"C:\Users\Usuario\Documents\GitHub\dishonored-traducao-analise\Tribo_INT_UTF8\Pwn_Aristo_MTall_2.int"
"Tribo";"Pwn_Aristo_MTall_3.int";"UTF-16 LE";"744";"OK";"C:\Users\Usuario\Documents\GitHub\dishonored-traducao-analise\Tribo_INT_UTF8\Pwn_Aristo_MTall_3.int"
"Tribo";"Pwn_Aristo_MTall_4.int";"UTF-16 LE";"744";"OK";"C:\Users\Usuario\Documents\GitHub\dishonored-traducao-analise\Tribo_INT_UTF8\Pwn_Aristo_MTall_4.int"
"Tribo";"Pwn_Assassin_MTall_1.int";"UTF-16 LE";"2286";"OK";"C:\Users\Usuario\Documents\GitHub\dishonored-traducao-analise\Tribo_INT_UTF8\Pwn_Assassin_MTall_1.int"
"Tribo";"Pwn_Assassin_MTBase.int";"UTF-16 LE";"744";"OK";"C:\Users\Usuario\Documents\GitHub\dishonored-traducao-analise\Tribo_INT_UTF8\Pwn_Assassin_MTBase.int"
"Tribo";"Pwn_AssassinIntro_MTall_1.int";"UTF-16 LE";"768";"OK";"C:\Users\Usuario\Documents\GitHub\dishonored-traducao-analise\Tribo_INT_UTF8\Pwn_AssassinIntro_MTall_1.int"
"Tribo";"Pwn_AssassinSlack_MTall_1.int";"UTF-16 LE";"768";"OK";"C:\Users\Usuario\Documents\GitHub\dishonored-traducao-analise\Tribo_INT_UTF8\Pwn_AssassinSlack_MTall_1.int"
"Tribo";"Pwn_Bridge.int";"UTF-16 LE";"782";"OK";"C:\Users\Usuario\Documents\GitHub\dishonored-traducao-analise\Tribo_INT_UTF8\Pwn_Bridge.int"
"Tribo";"Pwn_BrothelMadam_F.int";"UTF-16 LE";"754";"OK";"C:\Users\Usuario\Documents\GitHub\dishonored-traducao-analise\Tribo_INT_UTF8\Pwn_BrothelMadam_F.int"
"Tribo";"Pwn_CityGuard_MSmall_0.int";"UTF-16 LE";"770";"OK";"C:\Users\Usuario\Documents\GitHub\dishonored-traducao-analise\Tribo_INT_UTF8\Pwn_CityGuard_MSmall_0.int"
"Tribo";"Pwn_CityGuard_MSmall_1.int";"UTF-16 LE";"770";"OK";"C:\Users\Usuario\Documents\GitHub\dishonored-traducao-analise\Tribo_INT_UTF8\Pwn_CityGuard_MSmall_1.int"
"Tribo";"Pwn_CityGuard_MSmall_1_Full1.int";"UTF-16 LE";"794";"OK";"C:\Users\Usuario\Documents\GitHub\dishonored-traducao-analise\Tribo_INT_UTF8\Pwn_CityGuard_MSmall_1_Full1.int"
"Tribo";"Pwn_CityGuard_MSmall_1_Helm1.int";"UTF-16 LE";"796";"OK";"C:\Users\Usuario\Documents\GitHub\dishonored-traducao-analise\Tribo_INT_UTF8\Pwn_CityGuard_MSmall_1_Helm1.int"
"Tribo";"Pwn_CityGuard_MSmall_1_Mask1.int";"UTF-16 LE";"794";"OK";"C:\Users\Usuario\Documents\GitHub\dishonored-traducao-analise\Tribo_INT_UTF8\Pwn_CityGuard_MSmall_1_Mask1.int"
"Tribo";"Pwn_CityGuard_MSmall_2.int";"UTF-16 LE";"770";"OK";"C:\Users\Usuario\Documents\GitHub\dishonored-traducao-analise\Tribo_INT_UTF8\Pwn_CityGuard_MSmall_2.int"
"Tribo";"Pwn_CityGuard_MSmall_2_Helm1.int";"UTF-16 LE";"796";"OK";"C:\Users\Usuario\Documents\GitHub\dishonored-traducao-analise\Tribo_INT_UTF8\Pwn_CityGuard_MSmall_2_Helm1.int"
"Tribo";"Pwn_CityGuard_MSmall_2_Mask2.int";"UTF-16 LE";"766";"OK";"C:\Users\Usuario\Documents\GitHub\dishonored-traducao-analise\Tribo_INT_UTF8\Pwn_CityGuard_MSmall_2_Mask2.int"
"Tribo";"Pwn_CityGuard_MSmall_3.int";"UTF-16 LE";"770";"OK";"C:\Users\Usuario\Documents\GitHub\dishonored-traducao-analise\Tribo_INT_UTF8\Pwn_CityGuard_MSmall_3.int"
"Tribo";"Pwn_CityGuard_MSmall_3_Helm1.int";"UTF-16 LE";"794";"OK";"C:\Users\Usuario\Documents\GitHub\dishonored-traducao-analise\Tribo_INT_UTF8\Pwn_CityGuard_MSmall_3_Helm1.int"
"Tribo";"Pwn_CityGuard_MSmall_3_Mask1.int";"UTF-16 LE";"794";"OK";"C:\Users\Usuario\Documents\GitHub\dishonored-traducao-analise\Tribo_INT_UTF8\Pwn_CityGuard_MSmall_3_Mask1.int"
"Tribo";"Pwn_Civ_Base.int";"UTF-16 LE";"3626";"OK";"C:\Users\Usuario\Documents\GitHub\dishonored-traducao-analise\Tribo_INT_UTF8\Pwn_Civ_Base.int"
"Tribo";"Pwn_Daud_MTall_1.int";"UTF-16 LE";"2348";"OK";"C:\Users\Usuario\Documents\GitHub\dishonored-traducao-analise\Tribo_INT_UTF8\Pwn_Daud_MTall_1.int"
"Tribo";"Pwn_Dead_NPCs.int";"UTF-16 LE";"15780";"OK";"C:\Users\Usuario\Documents\GitHub\dishonored-traducao-analise\Tribo_INT_UTF8\Pwn_Dead_NPCs.int"
"Tribo";"Pwn_EliteGuard_Base.int";"UTF-16 LE";"740";"OK";"C:\Users\Usuario\Documents\GitHub\dishonored-traducao-analise\Tribo_INT_UTF8\Pwn_EliteGuard_Base.int"
"Tribo";"pwn_eliteguard_mtall_0.int";"UTF-16 LE";"772";"OK";"C:\Users\Usuario\Documents\GitHub\dishonored-traducao-analise\Tribo_INT_UTF8\pwn_eliteguard_mtall_0.int"
"Tribo";"pwn_eliteguard_mtall_1.int";"UTF-16 LE";"772";"OK";"C:\Users\Usuario\Documents\GitHub\dishonored-traducao-analise\Tribo_INT_UTF8\pwn_eliteguard_mtall_1.int"
"Tribo";"Pwn_EliteGuard_MTall_1_Full1.int";"UTF-16 LE";"796";"OK";"C:\Users\Usuario\Documents\GitHub\dishonored-traducao-analise\Tribo_INT_UTF8\Pwn_EliteGuard_MTall_1_Full1.int"
"Tribo";"Pwn_EliteGuard_MTall_1_Helm1.int";"UTF-16 LE";"798";"OK";"C:\Users\Usuario\Documents\GitHub\dishonored-traducao-analise\Tribo_INT_UTF8\Pwn_EliteGuard_MTall_1_Helm1.int"
"Tribo";"Pwn_EliteGuard_MTall_1_Mask1.int";"UTF-16 LE";"796";"OK";"C:\Users\Usuario\Documents\GitHub\dishonored-traducao-analise\Tribo_INT_UTF8\Pwn_EliteGuard_MTall_1_Mask1.int"
"Tribo";"pwn_eliteguard_mtall_2.int";"UTF-16 LE";"774";"OK";"C:\Users\Usuario\Documents\GitHub\dishonored-traducao-analise\Tribo_INT_UTF8\pwn_eliteguard_mtall_2.int"
"Tribo";"Pwn_EliteGuard_MTall_2_Helm1.int";"UTF-16 LE";"798";"OK";"C:\Users\Usuario\Documents\GitHub\dishonored-traducao-analise\Tribo_INT_UTF8\Pwn_EliteGuard_MTall_2_Helm1.int"
"Tribo";"Pwn_EliteGuard_MTall_2_Mask2.int";"UTF-16 LE";"768";"OK";"C:\Users\Usuario\Documents\GitHub\dishonored-traducao-analise\Tribo_INT_UTF8\Pwn_EliteGuard_MTall_2_Mask2.int"
"Tribo";"pwn_eliteguard_mtall_3.int";"UTF-16 LE";"772";"OK";"C:\Users\Usuario\Documents\GitHub\dishonored-traducao-analise\Tribo_INT_UTF8\pwn_eliteguard_mtall_3.int"
"Tribo";"Pwn_EliteGuard_MTall_3_Helm1.int";"UTF-16 LE";"798";"OK";"C:\Users\Usuario\Documents\GitHub\dishonored-traducao-analise\Tribo_INT_UTF8\Pwn_EliteGuard_MTall_3_Helm1.int"
"Tribo";"Pwn_EliteGuard_MTall_3_Mask1.int";"UTF-16 LE";"796";"OK";"C:\Users\Usuario\Documents\GitHub\dishonored-traducao-analise\Tribo_INT_UTF8\Pwn_EliteGuard_MTall_3_Mask1.int"
"Tribo";"pwn_eliteguard_mtall_4.int";"UTF-16 LE";"774";"OK";"C:\Users\Usuario\Documents\GitHub\dishonored-traducao-analise\Tribo_INT_UTF8\pwn_eliteguard_mtall_4.int"
"Tribo";"Pwn_EliteGuard_MTall_4_Helm1.int";"UTF-16 LE";"798";"OK";"C:\Users\Usuario\Documents\GitHub\dishonored-traducao-analise\Tribo_INT_UTF8\Pwn_EliteGuard_MTall_4_Helm1.int"
"Tribo";"pwn_eliteguard_mtall_4_Hub7.int";"UTF-16 LE";"764";"OK";"C:\Users\Usuario\Documents\GitHub\dishonored-traducao-analise\Tribo_INT_UTF8\pwn_eliteguard_mtall_4_Hub7.int"
"Tribo";"Pwn_EliteGuard_MTall_4_Mask2.int";"UTF-16 LE";"768";"OK";"C:\Users\Usuario\Documents\GitHub\dishonored-traducao-analise\Tribo_INT_UTF8\Pwn_EliteGuard_MTall_4_Mask2.int"
"Tribo";"pwn_eliteguard_mtall_5.int";"UTF-16 LE";"772";"OK";"C:\Users\Usuario\Documents\GitHub\dishonored-traducao-analise\Tribo_INT_UTF8\pwn_eliteguard_mtall_5.int"
"Tribo";"Pwn_EliteGuard_MTall_5_Helm1.int";"UTF-16 LE";"796";"OK";"C:\Users\Usuario\Documents\GitHub\dishonored-traducao-analise\Tribo_INT_UTF8\Pwn_EliteGuard_MTall_5_Helm1.int"
"Tribo";"Pwn_EliteGuard_MTall_5_Hub7.int";"UTF-16 LE";"764";"OK";"C:\Users\Usuario\Documents\GitHub\dishonored-traducao-analise\Tribo_INT_UTF8\Pwn_EliteGuard_MTall_5_Hub7.int"
"Tribo";"Pwn_EliteGuard_Prison.int";"UTF-16 LE";"3852";"OK";"C:\Users\Usuario\Documents\GitHub\dishonored-traducao-analise\Tribo_INT_UTF8\Pwn_EliteGuard_Prison.int"
"Tribo";"Pwn_ExecSister_F.int";"UTF-16 LE";"734";"OK";"C:\Users\Usuario\Documents\GitHub\dishonored-traducao-analise\Tribo_INT_UTF8\Pwn_ExecSister_F.int"
"Tribo";"Pwn_GrannyRags_F.int";"UTF-16 LE";"1488";"OK";"C:\Users\Usuario\Documents\GitHub\dishonored-traducao-analise\Tribo_INT_UTF8\Pwn_GrannyRags_F.int"
"Tribo";"Pwn_Grif_MSmall.int";"UTF-16 LE";"1478";"OK";"C:\Users\Usuario\Documents\GitHub\dishonored-traducao-analise\Tribo_INT_UTF8\Pwn_Grif_MSmall.int"
"Tribo";"Pwn_Guard_Base.int";"UTF-16 LE";"2844";"OK";"C:\Users\Usuario\Documents\GitHub\dishonored-traducao-analise\Tribo_INT_UTF8\Pwn_Guard_Base.int"
"Tribo";"Pwn_LeglessBum_MSmall.int";"UTF-16 LE";"760";"OK";"C:\Users\Usuario\Documents\GitHub\dishonored-traducao-analise\Tribo_INT_UTF8\Pwn_LeglessBum_MSmall.int"
"Tribo";"Pwn_LowerGuard_MTall_0.int";"UTF-16 LE";"768";"OK";"C:\Users\Usuario\Documents\GitHub\dishonored-traducao-analise\Tribo_INT_UTF8\Pwn_LowerGuard_MTall_0.int"
"Tribo";"Pwn_LowerGuard_MTall_0_Mask1.int";"UTF-16 LE";"792";"OK";"C:\Users\Usuario\Documents\GitHub\dishonored-traducao-analise\Tribo_INT_UTF8\Pwn_LowerGuard_MTall_0_Mask1.int"
"Tribo";"Pwn_LowerGuard_MTall_1.int";"UTF-16 LE";"768";"OK";"C:\Users\Usuario\Documents\GitHub\dishonored-traducao-analise\Tribo_INT_UTF8\Pwn_LowerGuard_MTall_1.int"
"Tribo";"Pwn_LowerGuard_MTall_1_Cap1.int";"UTF-16 LE";"788";"OK";"C:\Users\Usuario\Documents\GitHub\dishonored-traducao-analise\Tribo_INT_UTF8\Pwn_LowerGuard_MTall_1_Cap1.int"
"Tribo";"Pwn_LowerGuard_MTall_2.int";"UTF-16 LE";"768";"OK";"C:\Users\Usuario\Documents\GitHub\dishonored-traducao-analise\Tribo_INT_UTF8\Pwn_LowerGuard_MTall_2.int"
"Tribo";"Pwn_LowerGuard_MTall_2_Cap1.int";"UTF-16 LE";"788";"OK";"C:\Users\Usuario\Documents\GitHub\dishonored-traducao-analise\Tribo_INT_UTF8\Pwn_LowerGuard_MTall_2_Cap1.int"
"Tribo";"Pwn_LowerGuard_MTall_3.int";"UTF-16 LE";"768";"OK";"C:\Users\Usuario\Documents\GitHub\dishonored-traducao-analise\Tribo_INT_UTF8\Pwn_LowerGuard_MTall_3.int"
"Tribo";"Pwn_LowerGuard_MTall_3_Cap1.int";"UTF-16 LE";"788";"OK";"C:\Users\Usuario\Documents\GitHub\dishonored-traducao-analise\Tribo_INT_UTF8\Pwn_LowerGuard_MTall_3_Cap1.int"
"Tribo";"Pwn_LowerGuard_MTall_4.int";"UTF-16 LE";"768";"OK";"C:\Users\Usuario\Documents\GitHub\dishonored-traducao-analise\Tribo_INT_UTF8\Pwn_LowerGuard_MTall_4.int"
"Tribo";"Pwn_LowerGuard_MTall_4_Cap1.int";"UTF-16 LE";"788";"OK";"C:\Users\Usuario\Documents\GitHub\dishonored-traducao-analise\Tribo_INT_UTF8\Pwn_LowerGuard_MTall_4_Cap1.int"
"Tribo";"Pwn_LowerGuardIntro_MTall_0.int";"UTF-16 LE";"788";"OK";"C:\Users\Usuario\Documents\GitHub\dishonored-traducao-analise\Tribo_INT_UTF8\Pwn_LowerGuardIntro_MTall_0.int"
"Tribo";"Pwn_MiddleClass_F_1.int";"UTF-16 LE";"1538";"OK";"C:\Users\Usuario\Documents\GitHub\dishonored-traducao-analise\Tribo_INT_UTF8\Pwn_MiddleClass_F_1.int"
"Tribo";"Pwn_MiddleClass_F_1_Mask1.int";"UTF-16 LE";"1590";"OK";"C:\Users\Usuario\Documents\GitHub\dishonored-traducao-analise\Tribo_INT_UTF8\Pwn_MiddleClass_F_1_Mask1.int"
"Tribo";"Pwn_MiddleClass_F_2.int";"UTF-16 LE";"1538";"OK";"C:\Users\Usuario\Documents\GitHub\dishonored-traducao-analise\Tribo_INT_UTF8\Pwn_MiddleClass_F_2.int"
"Tribo";"Pwn_MiddleClass_F_2_Hat1.int";"UTF-16 LE";"1582";"OK";"C:\Users\Usuario\Documents\GitHub\dishonored-traducao-analise\Tribo_INT_UTF8\Pwn_MiddleClass_F_2_Hat1.int"
"Tribo";"Pwn_MiddleClass_F_3.int";"UTF-16 LE";"3766";"OK";"C:\Users\Usuario\Documents\GitHub\dishonored-traducao-analise\Tribo_INT_UTF8\Pwn_MiddleClass_F_3.int"
"Tribo";"Pwn_MiddleClass_F_3_Hat1.int";"UTF-16 LE";"1582";"OK";"C:\Users\Usuario\Documents\GitHub\dishonored-traducao-analise\Tribo_INT_UTF8\Pwn_MiddleClass_F_3_Hat1.int"
"Tribo";"Pwn_MiddleClass_F_4.int";"UTF-16 LE";"1542";"OK";"C:\Users\Usuario\Documents\GitHub\dishonored-traducao-analise\Tribo_INT_UTF8\Pwn_MiddleClass_F_4.int"
"Tribo";"Pwn_MiddleClass_MSmall_1.int";"UTF-16 LE";"3122";"OK";"C:\Users\Usuario\Documents\GitHub\dishonored-traducao-analise\Tribo_INT_UTF8\Pwn_MiddleClass_MSmall_1.int"
"Tribo";"Pwn_MiddleClass_MSmall_1_Hat1.int";"UTF-16 LE";"1622";"OK";"C:\Users\Usuario\Documents\GitHub\dishonored-traducao-analise\Tribo_INT_UTF8\Pwn_MiddleClass_MSmall_1_Hat1.int"
"Tribo";"Pwn_MiddleClass_MSmall_1_Tower.int";"UTF-16 LE";"820";"OK";"C:\Users\Usuario\Documents\GitHub\dishonored-traducao-analise\Tribo_INT_UTF8\Pwn_MiddleClass_MSmall_1_Tower.int"
"Tribo";"Pwn_MiddleClass_MTall_1.int";"UTF-16 LE";"5486";"OK";"C:\Users\Usuario\Documents\GitHub\dishonored-traducao-analise\Tribo_INT_UTF8\Pwn_MiddleClass_MTall_1.int"
"Tribo";"Pwn_MiddleClass_MTall_1_Hat1.int";"UTF-16 LE";"786";"OK";"C:\Users\Usuario\Documents\GitHub\dishonored-traducao-analise\Tribo_INT_UTF8\Pwn_MiddleClass_MTall_1_Hat1.int"
"Tribo";"Pwn_MiddleClass_MTall_1_Mask1.int";"UTF-16 LE";"1606";"OK";"C:\Users\Usuario\Documents\GitHub\dishonored-traducao-analise\Tribo_INT_UTF8\Pwn_MiddleClass_MTall_1_Mask1.int"
"Tribo";"Pwn_MiddleClass_MTall_2.int";"UTF-16 LE";"766";"OK";"C:\Users\Usuario\Documents\GitHub\dishonored-traducao-analise\Tribo_INT_UTF8\Pwn_MiddleClass_MTall_2.int"
"Tribo";"Pwn_MiddleClass_MTall_2_Hat1.int";"UTF-16 LE";"786";"OK";"C:\Users\Usuario\Documents\GitHub\dishonored-traducao-analise\Tribo_INT_UTF8\Pwn_MiddleClass_MTall_2_Hat1.int"
"Tribo";"Pwn_MiddleClass_MTall_3.int";"UTF-16 LE";"766";"OK";"C:\Users\Usuario\Documents\GitHub\dishonored-traducao-analise\Tribo_INT_UTF8\Pwn_MiddleClass_MTall_3.int"
"Tribo";"Pwn_MiddleClass_MTall_3_Hat1.int";"UTF-16 LE";"786";"OK";"C:\Users\Usuario\Documents\GitHub\dishonored-traducao-analise\Tribo_INT_UTF8\Pwn_MiddleClass_MTall_3_Hat1.int"
"Tribo";"Pwn_MusicO_Regent_MTall_1.int";"UTF-16 LE";"800";"OK";"C:\Users\Usuario\Documents\GitHub\dishonored-traducao-analise\Tribo_INT_UTF8\Pwn_MusicO_Regent_MTall_1.int"
"Tribo";"Pwn_MusicOverseer_MTall_1.int";"UTF-16 LE";"1546";"OK";"C:\Users\Usuario\Documents\GitHub\dishonored-traducao-analise\Tribo_INT_UTF8\Pwn_MusicOverseer_MTall_1.int"
"Tribo";"Pwn_Overseer_Base.int";"UTF-16 LE";"1502";"OK";"C:\Users\Usuario\Documents\GitHub\dishonored-traducao-analise\Tribo_INT_UTF8\Pwn_Overseer_Base.int"
"Tribo";"Pwn_Overseer_MTall_1.int";"UTF-16 LE";"1498";"OK";"C:\Users\Usuario\Documents\GitHub\dishonored-traducao-analise\Tribo_INT_UTF8\Pwn_Overseer_MTall_1.int"
"Tribo";"Pwn_OverseerHMaster_MTall_1.int";"UTF-16 LE";"770";"OK";"C:\Users\Usuario\Documents\GitHub\dishonored-traducao-analise\Tribo_INT_UTF8\Pwn_OverseerHMaster_MTall_1.int"
"Tribo";"Pwn_Prostitute_F_1.int";"UTF-16 LE";"738";"OK";"C:\Users\Usuario\Documents\GitHub\dishonored-traducao-analise\Tribo_INT_UTF8\Pwn_Prostitute_F_1.int"
"Tribo";"Pwn_Prostitute_F_1_Mask1.int";"UTF-16 LE";"762";"OK";"C:\Users\Usuario\Documents\GitHub\dishonored-traducao-analise\Tribo_INT_UTF8\Pwn_Prostitute_F_1_Mask1.int"
"Tribo";"Pwn_Prostitute_F_2.int";"UTF-16 LE";"738";"OK";"C:\Users\Usuario\Documents\GitHub\dishonored-traducao-analise\Tribo_INT_UTF8\Pwn_Prostitute_F_2.int"
"Tribo";"Pwn_Prostitute_F_2_Mask1.int";"UTF-16 LE";"762";"OK";"C:\Users\Usuario\Documents\GitHub\dishonored-traducao-analise\Tribo_INT_UTF8\Pwn_Prostitute_F_2_Mask1.int"
"Tribo";"Pwn_Prostitute_F_3.int";"UTF-16 LE";"738";"OK";"C:\Users\Usuario\Documents\GitHub\dishonored-traducao-analise\Tribo_INT_UTF8\Pwn_Prostitute_F_3.int"
"Tribo";"Pwn_Prostitute_F_3_Mask1.int";"UTF-16 LE";"762";"OK";"C:\Users\Usuario\Documents\GitHub\dishonored-traducao-analise\Tribo_INT_UTF8\Pwn_Prostitute_F_3_Mask1.int"
"Tribo";"Pwn_Prostitute_F_4.int";"UTF-16 LE";"738";"OK";"C:\Users\Usuario\Documents\GitHub\dishonored-traducao-analise\Tribo_INT_UTF8\Pwn_Prostitute_F_4.int"
"Tribo";"Pwn_Prostitute_F_4_Mask1.int";"UTF-16 LE";"762";"OK";"C:\Users\Usuario\Documents\GitHub\dishonored-traducao-analise\Tribo_INT_UTF8\Pwn_Prostitute_F_4_Mask1.int"
"Tribo";"Pwn_Prostitute_F_5.int";"UTF-16 LE";"738";"OK";"C:\Users\Usuario\Documents\GitHub\dishonored-traducao-analise\Tribo_INT_UTF8\Pwn_Prostitute_F_5.int"
"Tribo";"Pwn_Prostitute_F_5_Mask1.int";"UTF-16 LE";"762";"OK";"C:\Users\Usuario\Documents\GitHub\dishonored-traducao-analise\Tribo_INT_UTF8\Pwn_Prostitute_F_5_Mask1.int"
"Tribo";"Pwn_PrsnSewer.int";"UTF-16 LE";"1444";"OK";"C:\Users\Usuario\Documents\GitHub\dishonored-traducao-analise\Tribo_INT_UTF8\Pwn_PrsnSewer.int"
"Tribo";"Pwn_Servant_F_1.int";"UTF-16 LE";"2288";"OK";"C:\Users\Usuario\Documents\GitHub\dishonored-traducao-analise\Tribo_INT_UTF8\Pwn_Servant_F_1.int"
"Tribo";"Pwn_Servant_F_2.int";"UTF-16 LE";"728";"OK";"C:\Users\Usuario\Documents\GitHub\dishonored-traducao-analise\Tribo_INT_UTF8\Pwn_Servant_F_2.int"
"Tribo";"Pwn_SlackJaw_MTall_1.int";"UTF-16 LE";"1456";"OK";"C:\Users\Usuario\Documents\GitHub\dishonored-traducao-analise\Tribo_INT_UTF8\Pwn_SlackJaw_MTall_1.int"
"Tribo";"Pwn_Thug_Base.int";"UTF-16 LE";"2160";"OK";"C:\Users\Usuario\Documents\GitHub\dishonored-traducao-analise\Tribo_INT_UTF8\Pwn_Thug_Base.int"
"Tribo";"Pwn_Thug_MSmall_0.int";"UTF-16 LE";"734";"OK";"C:\Users\Usuario\Documents\GitHub\dishonored-traducao-analise\Tribo_INT_UTF8\Pwn_Thug_MSmall_0.int"
"Tribo";"Pwn_Thug_MSmall_1.int";"UTF-16 LE";"734";"OK";"C:\Users\Usuario\Documents\GitHub\dishonored-traducao-analise\Tribo_INT_UTF8\Pwn_Thug_MSmall_1.int"
"Tribo";"Pwn_Thug_MSmall_1_Hat1.int";"UTF-16 LE";"756";"OK";"C:\Users\Usuario\Documents\GitHub\dishonored-traducao-analise\Tribo_INT_UTF8\Pwn_Thug_MSmall_1_Hat1.int"
"Tribo";"Pwn_Thug_MSmall_2.int";"UTF-16 LE";"734";"OK";"C:\Users\Usuario\Documents\GitHub\dishonored-traducao-analise\Tribo_INT_UTF8\Pwn_Thug_MSmall_2.int"
"Tribo";"Pwn_Thug_MSmall_2_Hat1.int";"UTF-16 LE";"754";"OK";"C:\Users\Usuario\Documents\GitHub\dishonored-traducao-analise\Tribo_INT_UTF8\Pwn_Thug_MSmall_2_Hat1.int"
"Tribo";"Pwn_Thug_MSmall_3.int";"UTF-16 LE";"734";"OK";"C:\Users\Usuario\Documents\GitHub\dishonored-traducao-analise\Tribo_INT_UTF8\Pwn_Thug_MSmall_3.int"
"Tribo";"Pwn_Thug_MSmall_4.int";"UTF-16 LE";"736";"OK";"C:\Users\Usuario\Documents\GitHub\dishonored-traducao-analise\Tribo_INT_UTF8\Pwn_Thug_MSmall_4.int"
"Tribo";"Pwn_Thug_MSmall_5.int";"UTF-16 LE";"736";"OK";"C:\Users\Usuario\Documents\GitHub\dishonored-traducao-analise\Tribo_INT_UTF8\Pwn_Thug_MSmall_5.int"
"Tribo";"Pwn_Thug_MSmall_5_Hat.int";"UTF-16 LE";"752";"OK";"C:\Users\Usuario\Documents\GitHub\dishonored-traducao-analise\Tribo_INT_UTF8\Pwn_Thug_MSmall_5_Hat.int"
"Tribo";"Pwn_Thug_MSmall_6.int";"UTF-16 LE";"736";"OK";"C:\Users\Usuario\Documents\GitHub\dishonored-traducao-analise\Tribo_INT_UTF8\Pwn_Thug_MSmall_6.int"
"Tribo";"Pwn_Thug_MSmall_6_Hat1.int";"UTF-16 LE";"756";"OK";"C:\Users\Usuario\Documents\GitHub\dishonored-traducao-analise\Tribo_INT_UTF8\Pwn_Thug_MSmall_6_Hat1.int"
"Tribo";"Pwn_Thug_MSmall_7.int";"UTF-16 LE";"736";"OK";"C:\Users\Usuario\Documents\GitHub\dishonored-traducao-analise\Tribo_INT_UTF8\Pwn_Thug_MSmall_7.int"
"Tribo";"Pwn_Thug_MSmall_7_Hat1.int";"UTF-16 LE";"756";"OK";"C:\Users\Usuario\Documents\GitHub\dishonored-traducao-analise\Tribo_INT_UTF8\Pwn_Thug_MSmall_7_Hat1.int"
"Tribo";"Pwn_ThugWhiskey_MSmall_1.int";"UTF-16 LE";"762";"OK";"C:\Users\Usuario\Documents\GitHub\dishonored-traducao-analise\Tribo_INT_UTF8\Pwn_ThugWhiskey_MSmall_1.int"
"Tribo";"Pwn_ThugWhiskey_MSmall_1_Hat1.int";"UTF-16 LE";"782";"OK";"C:\Users\Usuario\Documents\GitHub\dishonored-traducao-analise\Tribo_INT_UTF8\Pwn_ThugWhiskey_MSmall_1_Hat1.int"
"Tribo";"Pwn_ThugWhiskey_MSmall_2.int";"UTF-16 LE";"762";"OK";"C:\Users\Usuario\Documents\GitHub\dishonored-traducao-analise\Tribo_INT_UTF8\Pwn_ThugWhiskey_MSmall_2.int"
"Tribo";"Pwn_ThugWhiskey_MSmall_2_Hat1.int";"UTF-16 LE";"782";"OK";"C:\Users\Usuario\Documents\GitHub\dishonored-traducao-analise\Tribo_INT_UTF8\Pwn_ThugWhiskey_MSmall_2_Hat1.int"
"Tribo";"Pwn_ThugWhiskey_MSmall_3.int";"UTF-16 LE";"762";"OK";"C:\Users\Usuario\Documents\GitHub\dishonored-traducao-analise\Tribo_INT_UTF8\Pwn_ThugWhiskey_MSmall_3.int"
"Tribo";"Pwn_ThugWhiskey_MSmall_3_Hat1.int";"UTF-16 LE";"782";"OK";"C:\Users\Usuario\Documents\GitHub\dishonored-traducao-analise\Tribo_INT_UTF8\Pwn_ThugWhiskey_MSmall_3_Hat1.int"
"Tribo";"Pwn_ThugWhiskey_MSmall_4.int";"UTF-16 LE";"762";"OK";"C:\Users\Usuario\Documents\GitHub\dishonored-traducao-analise\Tribo_INT_UTF8\Pwn_ThugWhiskey_MSmall_4.int"
"Tribo";"Pwn_ThugWhiskey_MSmall_4_Hat1.int";"UTF-16 LE";"782";"OK";"C:\Users\Usuario\Documents\GitHub\dishonored-traducao-analise\Tribo_INT_UTF8\Pwn_ThugWhiskey_MSmall_4_Hat1.int"
"Tribo";"Pwn_Weeper_Base.int";"UTF-16 LE";"728";"OK";"C:\Users\Usuario\Documents\GitHub\dishonored-traducao-analise\Tribo_INT_UTF8\Pwn_Weeper_Base.int"
"Tribo";"Pwn_Weeper_FBase.int";"UTF-16 LE";"732";"OK";"C:\Users\Usuario\Documents\GitHub\dishonored-traducao-analise\Tribo_INT_UTF8\Pwn_Weeper_FBase.int"
"Tribo";"Pwn_Weeper_MSBase.int";"UTF-16 LE";"736";"OK";"C:\Users\Usuario\Documents\GitHub\dishonored-traducao-analise\Tribo_INT_UTF8\Pwn_Weeper_MSBase.int"
"Tribo";"Pwn_Weeper_MTBase.int";"UTF-16 LE";"736";"OK";"C:\Users\Usuario\Documents\GitHub\dishonored-traducao-analise\Tribo_INT_UTF8\Pwn_Weeper_MTBase.int"
"Tribo";"Pwn_WeeperAristo_F_1.int";"UTF-16 LE";"750";"OK";"C:\Users\Usuario\Documents\GitHub\dishonored-traducao-analise\Tribo_INT_UTF8\Pwn_WeeperAristo_F_1.int"
"Tribo";"Pwn_WeeperAristo_MTall_1.int";"UTF-16 LE";"764";"OK";"C:\Users\Usuario\Documents\GitHub\dishonored-traducao-analise\Tribo_INT_UTF8\Pwn_WeeperAristo_MTall_1.int"
"Tribo";"Pwn_WeeperCity_MSmall_1.int";"UTF-16 LE";"746";"OK";"C:\Users\Usuario\Documents\GitHub\dishonored-traducao-analise\Tribo_INT_UTF8\Pwn_WeeperCity_MSmall_1.int"
"Tribo";"Pwn_WeeperElite_MTall_1.int";"UTF-16 LE";"762";"OK";"C:\Users\Usuario\Documents\GitHub\dishonored-traducao-analise\Tribo_INT_UTF8\Pwn_WeeperElite_MTall_1.int"
"Tribo";"Pwn_WeeperMiddle_F_1.int";"UTF-16 LE";"750";"OK";"C:\Users\Usuario\Documents\GitHub\dishonored-traducao-analise\Tribo_INT_UTF8\Pwn_WeeperMiddle_F_1.int"
"Tribo";"Pwn_WeeperMiddle_F_2.int";"UTF-16 LE";"750";"OK";"C:\Users\Usuario\Documents\GitHub\dishonored-traducao-analise\Tribo_INT_UTF8\Pwn_WeeperMiddle_F_2.int"
"Tribo";"Pwn_WeeperMiddle_MSmall_1.int";"UTF-16 LE";"770";"OK";"C:\Users\Usuario\Documents\GitHub\dishonored-traducao-analise\Tribo_INT_UTF8\Pwn_WeeperMiddle_MSmall_1.int"
"Tribo";"Pwn_WeeperMiddle_MTall_1.int";"UTF-16 LE";"766";"OK";"C:\Users\Usuario\Documents\GitHub\dishonored-traducao-analise\Tribo_INT_UTF8\Pwn_WeeperMiddle_MTall_1.int"
"Tribo";"Pwn_WeeperThug_MSmall_1.int";"UTF-16 LE";"762";"OK";"C:\Users\Usuario\Documents\GitHub\dishonored-traducao-analise\Tribo_INT_UTF8\Pwn_WeeperThug_MSmall_1.int"
"Tribo";"Pwn_WeeperThug_MSmall_2.int";"UTF-16 LE";"762";"OK";"C:\Users\Usuario\Documents\GitHub\dishonored-traducao-analise\Tribo_INT_UTF8\Pwn_WeeperThug_MSmall_2.int"
"Tribo";"Race_MS.int";"UTF-16 LE";"3402";"OK";"C:\Users\Usuario\Documents\GitHub\dishonored-traducao-analise\Tribo_INT_UTF8\Race_MS.int"
"Tribo";"RewireTool_twk.int";"Windows-1252";"431";"OK";"C:\Users\Usuario\Documents\GitHub\dishonored-traducao-analise\Tribo_INT_UTF8\RewireTool_twk.int"
"Tribo";"RPG.int";"UTF-16 LE";"28244";"OK";"C:\Users\Usuario\Documents\GitHub\dishonored-traducao-analise\Tribo_INT_UTF8\RPG.int"
"Tribo";"Runes_twk.int";"Windows-1252";"674";"OK";"C:\Users\Usuario\Documents\GitHub\dishonored-traducao-analise\Tribo_INT_UTF8\Runes_twk.int"
"Tribo";"Scoring.INT";"UTF-16 LE";"5230";"OK";"C:\Users\Usuario\Documents\GitHub\dishonored-traducao-analise\Tribo_INT_UTF8\Scoring.INT"
"Tribo";"SecuritySystems_twk.int";"UTF-16 LE";"12434";"OK";"C:\Users\Usuario\Documents\GitHub\dishonored-traducao-analise\Tribo_INT_UTF8\SecuritySystems_twk.int"
"Tribo";"Settings.int";"UTF-16 LE";"13562";"OK";"C:\Users\Usuario\Documents\GitHub\dishonored-traducao-analise\Tribo_INT_UTF8\Settings.int"
"Tribo";"Sewer_MS.int";"UTF-16 LE";"950";"OK";"C:\Users\Usuario\Documents\GitHub\dishonored-traducao-analise\Tribo_INT_UTF8\Sewer_MS.int"
"Tribo";"Stores_Twk.int";"UTF-16 LE";"14728";"OK";"C:\Users\Usuario\Documents\GitHub\dishonored-traducao-analise\Tribo_INT_UTF8\Stores_Twk.int"
"Tribo";"Streets_AbsInv.int";"Windows-1252";"2341";"OK";"C:\Users\Usuario\Documents\GitHub\dishonored-traducao-analise\Tribo_INT_UTF8\Streets_AbsInv.int"
"Tribo";"Streets_MS.int";"UTF-16 LE";"2186";"OK";"C:\Users\Usuario\Documents\GitHub\dishonored-traducao-analise\Tribo_INT_UTF8\Streets_MS.int"
"Tribo";"Streets_Objectives.int";"UTF-8";"6835";"OK";"C:\Users\Usuario\Documents\GitHub\dishonored-traducao-analise\Tribo_INT_UTF8\Streets_Objectives.int"
"Tribo";"Streets_Tweaks.int";"UTF-16 LE";"1518";"OK";"C:\Users\Usuario\Documents\GitHub\dishonored-traducao-analise\Tribo_INT_UTF8\Streets_Tweaks.int"
"Tribo";"Streets_Twk.int";"UTF-16 LE";"9038";"OK";"C:\Users\Usuario\Documents\GitHub\dishonored-traducao-analise\Tribo_INT_UTF8\Streets_Twk.int"
"Tribo";"StreetSewer_AbsInv.int";"Windows-1252";"1603";"OK";"C:\Users\Usuario\Documents\GitHub\dishonored-traducao-analise\Tribo_INT_UTF8\StreetSewer_AbsInv.int"
"Tribo";"StreetSewer_Twk.int";"UTF-16 LE";"4764";"OK";"C:\Users\Usuario\Documents\GitHub\dishonored-traducao-analise\Tribo_INT_UTF8\StreetSewer_Twk.int"
"Tribo";"StreetsShared_MS.int";"UTF-8";"234";"OK";"C:\Users\Usuario\Documents\GitHub\dishonored-traducao-analise\Tribo_INT_UTF8\StreetsShared_MS.int"
"Tribo";"Subtitles.int";"UTF-16 LE";"964";"OK";"C:\Users\Usuario\Documents\GitHub\dishonored-traducao-analise\Tribo_INT_UTF8\Subtitles.int"
"Tribo";"Thief_MS_Tweak.int";"UTF-16 LE";"11622";"OK";"C:\Users\Usuario\Documents\GitHub\dishonored-traducao-analise\Tribo_INT_UTF8\Thief_MS_Tweak.int"
"Tribo";"tower_01_MS.int";"Windows-1252";"468";"OK";"C:\Users\Usuario\Documents\GitHub\dishonored-traducao-analise\Tribo_INT_UTF8\tower_01_MS.int"
"Tribo";"Tower_AbstractInv_Assets.int";"Windows-1252";"1187";"OK";"C:\Users\Usuario\Documents\GitHub\dishonored-traducao-analise\Tribo_INT_UTF8\Tower_AbstractInv_Assets.int"
"Tribo";"Tower_AbstractInv_MS.int";"Windows-1252";"241";"OK";"C:\Users\Usuario\Documents\GitHub\dishonored-traducao-analise\Tribo_INT_UTF8\Tower_AbstractInv_MS.int"
"Tribo";"Tower_Objectives.int";"UTF-16 LE";"6814";"OK";"C:\Users\Usuario\Documents\GitHub\dishonored-traducao-analise\Tribo_INT_UTF8\Tower_Objectives.int"
"Tribo";"Tower_Twk.int";"UTF-16 LE";"13760";"OK";"C:\Users\Usuario\Documents\GitHub\dishonored-traducao-analise\Tribo_INT_UTF8\Tower_Twk.int"
"Tribo";"Tower_Twk_Abs.int";"Windows-1252";"5171";"OK";"C:\Users\Usuario\Documents\GitHub\dishonored-traducao-analise\Tribo_INT_UTF8\Tower_Twk_Abs.int"
"Tribo";"Tutorials_twk.int";"UTF-8";"8032";"OK";"C:\Users\Usuario\Documents\GitHub\dishonored-traducao-analise\Tribo_INT_UTF8\Tutorials_twk.int"
"Tribo";"Tutorials_twk_Abst.int";"Windows-1252";"3687";"OK";"C:\Users\Usuario\Documents\GitHub\dishonored-traducao-analise\Tribo_INT_UTF8\Tutorials_twk_Abst.int"
"Tribo";"Twk_ChapterInfoList.int";"UTF-16 LE";"17692";"OK";"C:\Users\Usuario\Documents\GitHub\dishonored-traducao-analise\Tribo_INT_UTF8\Twk_ChapterInfoList.int"
"Tribo";"Twk_EmptyHands.int";"UTF-8";"121";"OK";"C:\Users\Usuario\Documents\GitHub\dishonored-traducao-analise\Tribo_INT_UTF8\Twk_EmptyHands.int"
"Tribo";"Twk_EmptyHands_NPC.int";"UTF-8";"257";"OK";"C:\Users\Usuario\Documents\GitHub\dishonored-traducao-analise\Tribo_INT_UTF8\Twk_EmptyHands_NPC.int"
"Tribo";"Twk_InGameUI.int";"Windows-1252";"12767";"OK";"C:\Users\Usuario\Documents\GitHub\dishonored-traducao-analise\Tribo_INT_UTF8\Twk_InGameUI.int"
"Tribo";"Twk_Inv_Assassin.int";"Windows-1252";"1130";"OK";"C:\Users\Usuario\Documents\GitHub\dishonored-traducao-analise\Tribo_INT_UTF8\Twk_Inv_Assassin.int"
"Tribo";"Twk_Inv_CityGuard.int";"Windows-1252";"669";"OK";"C:\Users\Usuario\Documents\GitHub\dishonored-traducao-analise\Tribo_INT_UTF8\Twk_Inv_CityGuard.int"
"Tribo";"Twk_Inv_CrossbowBase.int";"UTF-8";"127";"OK";"C:\Users\Usuario\Documents\GitHub\dishonored-traducao-analise\Tribo_INT_UTF8\Twk_Inv_CrossbowBase.int"
"Tribo";"Twk_Inv_EliteGuard.int";"UTF-8";"731";"OK";"C:\Users\Usuario\Documents\GitHub\dishonored-traducao-analise\Tribo_INT_UTF8\Twk_Inv_EliteGuard.int"
"Tribo";"Twk_Inv_Executioner.int";"UTF-8";"339";"OK";"C:\Users\Usuario\Documents\GitHub\dishonored-traducao-analise\Tribo_INT_UTF8\Twk_Inv_Executioner.int"
"Tribo";"Twk_Inv_Generic.int";"UTF-8";"386";"OK";"C:\Users\Usuario\Documents\GitHub\dishonored-traducao-analise\Tribo_INT_UTF8\Twk_Inv_Generic.int"
"Tribo";"Twk_Inv_GrenadeBase.int";"UTF-8";"134";"OK";"C:\Users\Usuario\Documents\GitHub\dishonored-traducao-analise\Tribo_INT_UTF8\Twk_Inv_GrenadeBase.int"
"Tribo";"Twk_Inv_GrenadeCorvo.int";"UTF-8";"135";"OK";"C:\Users\Usuario\Documents\GitHub\dishonored-traducao-analise\Tribo_INT_UTF8\Twk_Inv_GrenadeCorvo.int"
"Tribo";"Twk_Inv_HeartBase.int";"UTF-8";"132";"OK";"C:\Users\Usuario\Documents\GitHub\dishonored-traducao-analise\Tribo_INT_UTF8\Twk_Inv_HeartBase.int"
"Tribo";"Twk_Inv_HeartCorvo.int";"Windows-1252";"277";"OK";"C:\Users\Usuario\Documents\GitHub\dishonored-traducao-analise\Tribo_INT_UTF8\Twk_Inv_HeartCorvo.int"
"Tribo";"Twk_Inv_LowerGuard.int";"UTF-8";"138";"OK";"C:\Users\Usuario\Documents\GitHub\dishonored-traducao-analise\Tribo_INT_UTF8\Twk_Inv_LowerGuard.int"
"Tribo";"Twk_Inv_NPC_Overseer.int";"UTF-16 LE";"6650";"OK";"C:\Users\Usuario\Documents\GitHub\dishonored-traducao-analise\Tribo_INT_UTF8\Twk_Inv_NPC_Overseer.int"
"Tribo";"Twk_Inv_PistolBase.int";"UTF-8";"125";"OK";"C:\Users\Usuario\Documents\GitHub\dishonored-traducao-analise\Tribo_INT_UTF8\Twk_Inv_PistolBase.int"
"Tribo";"Twk_Inv_PlayerSpecific.int";"Windows-1252";"1189";"OK";"C:\Users\Usuario\Documents\GitHub\dishonored-traducao-analise\Tribo_INT_UTF8\Twk_Inv_PlayerSpecific.int"
"Tribo";"Twk_Inv_SlackJaw.int";"UTF-8";"110";"OK";"C:\Users\Usuario\Documents\GitHub\dishonored-traducao-analise\Tribo_INT_UTF8\Twk_Inv_SlackJaw.int"
"Tribo";"Twk_Inv_SpringRazor.int";"UTF-16 LE";"580";"OK";"C:\Users\Usuario\Documents\GitHub\dishonored-traducao-analise\Tribo_INT_UTF8\Twk_Inv_SpringRazor.int"
"Tribo";"Twk_Inv_SpringRazorBase.int";"UTF-16 LE";"568";"OK";"C:\Users\Usuario\Documents\GitHub\dishonored-traducao-analise\Tribo_INT_UTF8\Twk_Inv_SpringRazorBase.int"
"Tribo";"Twk_Inv_SwordBase.int";"UTF-8";"124";"OK";"C:\Users\Usuario\Documents\GitHub\dishonored-traducao-analise\Tribo_INT_UTF8\Twk_Inv_SwordBase.int"
"Tribo";"Twk_Inv_SwordBase_NPC.int";"UTF-8";"260";"OK";"C:\Users\Usuario\Documents\GitHub\dishonored-traducao-analise\Tribo_INT_UTF8\Twk_Inv_SwordBase_NPC.int"
"Tribo";"Twk_Inv_Tallboy.int";"UTF-16 LE";"3104";"OK";"C:\Users\Usuario\Documents\GitHub\dishonored-traducao-analise\Tribo_INT_UTF8\Twk_Inv_Tallboy.int"
"Tribo";"Twk_Inv_ThrowingHand.int";"UTF-8";"135";"OK";"C:\Users\Usuario\Documents\GitHub\dishonored-traducao-analise\Tribo_INT_UTF8\Twk_Inv_ThrowingHand.int"
"Tribo";"Twk_Inv_Thug.int";"Windows-1252";"597";"OK";"C:\Users\Usuario\Documents\GitHub\dishonored-traducao-analise\Tribo_INT_UTF8\Twk_Inv_Thug.int"
"Tribo";"twk_inv_whiskeybottlebase.int";"UTF-8";"140";"OK";"C:\Users\Usuario\Documents\GitHub\dishonored-traducao-analise\Tribo_INT_UTF8\twk_inv_whiskeybottlebase.int"
"Tribo";"Twk_Inv_WhiskeyBottleThug.int";"UTF-8";"140";"OK";"C:\Users\Usuario\Documents\GitHub\dishonored-traducao-analise\Tribo_INT_UTF8\Twk_Inv_WhiskeyBottleThug.int"
"Tribo";"Twk_Inv_Wolfhound.int";"UTF-8";"352";"OK";"C:\Users\Usuario\Documents\GitHub\dishonored-traducao-analise\Tribo_INT_UTF8\Twk_Inv_Wolfhound.int"
"Tribo";"Twk_MissionStats.int";"UTF-16 LE";"22396";"OK";"C:\Users\Usuario\Documents\GitHub\dishonored-traducao-analise\Tribo_INT_UTF8\Twk_MissionStats.int"
"Tribo";"Twk_NPCPlotSettings.int";"Windows-1252";"2027";"OK";"C:\Users\Usuario\Documents\GitHub\dishonored-traducao-analise\Tribo_INT_UTF8\Twk_NPCPlotSettings.int"
"Tribo";"Twk_Pawn_AdmiralHavelock.int";"UTF-16 LE";"784";"OK";"C:\Users\Usuario\Documents\GitHub\dishonored-traducao-analise\Tribo_INT_UTF8\Twk_Pawn_AdmiralHavelock.int"
"Tribo";"Twk_Pawn_AntonSokolov.int";"UTF-16 LE";"3058";"OK";"C:\Users\Usuario\Documents\GitHub\dishonored-traducao-analise\Tribo_INT_UTF8\Twk_Pawn_AntonSokolov.int"
"Tribo";"Twk_Pawn_Bartender.int";"UTF-16 LE";"748";"OK";"C:\Users\Usuario\Documents\GitHub\dishonored-traducao-analise\Tribo_INT_UTF8\Twk_Pawn_Bartender.int"
"Tribo";"Twk_Pawn_Boatman.int";"UTF-16 LE";"2252";"OK";"C:\Users\Usuario\Documents\GitHub\dishonored-traducao-analise\Tribo_INT_UTF8\Twk_Pawn_Boatman.int"
"Tribo";"Twk_Pawn_Boyle_Party.int";"UTF-16 LE";"25790";"OK";"C:\Users\Usuario\Documents\GitHub\dishonored-traducao-analise\Tribo_INT_UTF8\Twk_Pawn_Boyle_Party.int"
"Tribo";"Twk_Pawn_Calista.int";"UTF-16 LE";"3028";"OK";"C:\Users\Usuario\Documents\GitHub\dishonored-traducao-analise\Tribo_INT_UTF8\Twk_Pawn_Calista.int"
"Tribo";"Twk_Pawn_CityGuard_Rape.int";"UTF-16 LE";"776";"OK";"C:\Users\Usuario\Documents\GitHub\dishonored-traducao-analise\Tribo_INT_UTF8\Twk_Pawn_CityGuard_Rape.int"
"Tribo";"Twk_Pawn_Corvo.int";"Windows-1252";"3686";"OK";"C:\Users\Usuario\Documents\GitHub\dishonored-traducao-analise\Tribo_INT_UTF8\Twk_Pawn_Corvo.int"
"Tribo";"Twk_Pawn_DefaultNPC.int";"UTF-16 LE";"806";"OK";"C:\Users\Usuario\Documents\GitHub\dishonored-traducao-analise\Tribo_INT_UTF8\Twk_Pawn_DefaultNPC.int"
"Tribo";"Twk_Pawn_DefaultPlayer.int";"UTF-8";"7476";"OK";"C:\Users\Usuario\Documents\GitHub\dishonored-traducao-analise\Tribo_INT_UTF8\Twk_Pawn_DefaultPlayer.int"
"Tribo";"Twk_Pawn_E3_CrazyDude.int";"UTF-16 LE";"770";"OK";"C:\Users\Usuario\Documents\GitHub\dishonored-traducao-analise\Tribo_INT_UTF8\Twk_Pawn_E3_CrazyDude.int"
"Tribo";"Twk_Pawn_E3_Noble.int";"UTF-16 LE";"750";"OK";"C:\Users\Usuario\Documents\GitHub\dishonored-traducao-analise\Tribo_INT_UTF8\Twk_Pawn_E3_Noble.int"
"Tribo";"Twk_Pawn_E3_Weeper.int";"UTF-16 LE";"746";"OK";"C:\Users\Usuario\Documents\GitHub\dishonored-traducao-analise\Tribo_INT_UTF8\Twk_Pawn_E3_Weeper.int"
"Tribo";"Twk_Pawn_Empress.int";"UTF-16 LE";"770";"OK";"C:\Users\Usuario\Documents\GitHub\dishonored-traducao-analise\Tribo_INT_UTF8\Twk_Pawn_Empress.int"
"Tribo";"Twk_Pawn_Executioner.int";"UTF-16 LE";"1586";"OK";"C:\Users\Usuario\Documents\GitHub\dishonored-traducao-analise\Tribo_INT_UTF8\Twk_Pawn_Executioner.int"
"Tribo";"Twk_Pawn_GuardCaptain.int";"UTF-16 LE";"1538";"OK";"C:\Users\Usuario\Documents\GitHub\dishonored-traducao-analise\Tribo_INT_UTF8\Twk_Pawn_GuardCaptain.int"
"Tribo";"Twk_Pawn_HubServantFemale.int";"UTF-16 LE";"770";"OK";"C:\Users\Usuario\Documents\GitHub\dishonored-traducao-analise\Tribo_INT_UTF8\Twk_Pawn_HubServantFemale.int"
"Tribo";"Twk_Pawn_JonathanRussel.int";"UTF-16 LE";"1584";"OK";"C:\Users\Usuario\Documents\GitHub\dishonored-traducao-analise\Tribo_INT_UTF8\Twk_Pawn_JonathanRussel.int"
"Tribo";"Twk_Pawn_LadyEmily.int";"UTF-16 LE";"1468";"OK";"C:\Users\Usuario\Documents\GitHub\dishonored-traducao-analise\Tribo_INT_UTF8\Twk_Pawn_LadyEmily.int"
"Tribo";"Twk_Pawn_LadyEsmaBoyle.int";"UTF-16 LE";"758";"OK";"C:\Users\Usuario\Documents\GitHub\dishonored-traducao-analise\Tribo_INT_UTF8\Twk_Pawn_LadyEsmaBoyle.int"
"Tribo";"Twk_Pawn_LadyLydiaBoyle.int";"UTF-16 LE";"1550";"OK";"C:\Users\Usuario\Documents\GitHub\dishonored-traducao-analise\Tribo_INT_UTF8\Twk_Pawn_LadyLydiaBoyle.int"
"Tribo";"Twk_Pawn_LadyWaverlyBoyle.int";"UTF-16 LE";"770";"OK";"C:\Users\Usuario\Documents\GitHub\dishonored-traducao-analise\Tribo_INT_UTF8\Twk_Pawn_LadyWaverlyBoyle.int"
"Tribo";"Twk_Pawn_Lighthouse_Elites.int";"UTF-16 LE";"4076";"OK";"C:\Users\Usuario\Documents\GitHub\dishonored-traducao-analise\Tribo_INT_UTF8\Twk_Pawn_Lighthouse_Elites.int"
"Tribo";"Twk_Pawn_Lighthouse_Guards.int";"UTF-16 LE";"4022";"OK";"C:\Users\Usuario\Documents\GitHub\dishonored-traducao-analise\Tribo_INT_UTF8\Twk_Pawn_Lighthouse_Guards.int"
"Tribo";"Twk_Pawn_LordPendleton.int";"UTF-16 LE";"770";"OK";"C:\Users\Usuario\Documents\GitHub\dishonored-traducao-analise\Tribo_INT_UTF8\Twk_Pawn_LordPendleton.int"
"Tribo";"Twk_Pawn_LordRegent.int";"UTF-16 LE";"1546";"OK";"C:\Users\Usuario\Documents\GitHub\dishonored-traducao-analise\Tribo_INT_UTF8\Twk_Pawn_LordRegent.int"
"Tribo";"Twk_Pawn_Martin_HUB.int";"UTF-16 LE";"762";"OK";"C:\Users\Usuario\Documents\GitHub\dishonored-traducao-analise\Tribo_INT_UTF8\Twk_Pawn_Martin_HUB.int"
"Tribo";"Twk_Pawn_Martin_Prison.int";"UTF-16 LE";"774";"OK";"C:\Users\Usuario\Documents\GitHub\dishonored-traducao-analise\Tribo_INT_UTF8\Twk_Pawn_Martin_Prison.int"
"Tribo";"Twk_Pawn_Outsider.int";"UTF-16 LE";"744";"OK";"C:\Users\Usuario\Documents\GitHub\dishonored-traducao-analise\Tribo_INT_UTF8\Twk_Pawn_Outsider.int"
"Tribo";"Twk_Pawn_OverseerCampbell.int";"UTF-16 LE";"2456";"OK";"C:\Users\Usuario\Documents\GitHub\dishonored-traducao-analise\Tribo_INT_UTF8\Twk_Pawn_OverseerCampbell.int"
"Tribo";"Twk_Pawn_OverseerMartin.int";"UTF-16 LE";"1516";"OK";"C:\Users\Usuario\Documents\GitHub\dishonored-traducao-analise\Tribo_INT_UTF8\Twk_Pawn_OverseerMartin.int"
"Tribo";"Twk_Pawn_PendletonBrother_A.int";"UTF-16 LE";"792";"OK";"C:\Users\Usuario\Documents\GitHub\dishonored-traducao-analise\Tribo_INT_UTF8\Twk_Pawn_PendletonBrother_A.int"
"Tribo";"Twk_Pawn_PendletonBrother_B.int";"UTF-16 LE";"792";"OK";"C:\Users\Usuario\Documents\GitHub\dishonored-traducao-analise\Tribo_INT_UTF8\Twk_Pawn_PendletonBrother_B.int"
"Tribo";"Twk_Pawn_Piero.int";"UTF-16 LE";"2184";"OK";"C:\Users\Usuario\Documents\GitHub\dishonored-traducao-analise\Tribo_INT_UTF8\Twk_Pawn_Piero.int"
"Tribo";"Twk_Pawn_Tallboy.int";"UTF-16 LE";"1530";"OK";"C:\Users\Usuario\Documents\GitHub\dishonored-traducao-analise\Tribo_INT_UTF8\Twk_Pawn_Tallboy.int"
"Tribo";"Twk_Pawn_Test_Guard_OffDuty.int";"UTF-16 LE";"792";"OK";"C:\Users\Usuario\Documents\GitHub\dishonored-traducao-analise\Tribo_INT_UTF8\Twk_Pawn_Test_Guard_OffDuty.int"
"Tribo";"Twk_Pawn_TestPawn_Farmer.int";"UTF-16 LE";"780";"OK";"C:\Users\Usuario\Documents\GitHub\dishonored-traducao-analise\Tribo_INT_UTF8\Twk_Pawn_TestPawn_Farmer.int"
"Tribo";"Twk_Pawn_TestPawn_Merchant.int";"UTF-16 LE";"788";"OK";"C:\Users\Usuario\Documents\GitHub\dishonored-traducao-analise\Tribo_INT_UTF8\Twk_Pawn_TestPawn_Merchant.int"
"Tribo";"Twk_Pawn_TestPawnBlueElite.int";"UTF-16 LE";"790";"OK";"C:\Users\Usuario\Documents\GitHub\dishonored-traducao-analise\Tribo_INT_UTF8\Twk_Pawn_TestPawnBlueElite.int"
"Tribo";"Twk_Pawn_TestPawnBlueGuard.int";"UTF-16 LE";"788";"OK";"C:\Users\Usuario\Documents\GitHub\dishonored-traducao-analise\Tribo_INT_UTF8\Twk_Pawn_TestPawnBlueGuard.int"
"Tribo";"Twk_Pawn_TestPawnRedElite.int";"UTF-16 LE";"786";"OK";"C:\Users\Usuario\Documents\GitHub\dishonored-traducao-analise\Tribo_INT_UTF8\Twk_Pawn_TestPawnRedElite.int"
"Tribo";"Twk_Pawn_TestPawnRedGuard.int";"UTF-16 LE";"784";"OK";"C:\Users\Usuario\Documents\GitHub\dishonored-traducao-analise\Tribo_INT_UTF8\Twk_Pawn_TestPawnRedGuard.int"
"Tribo";"Twk_Pawn_TestPawnYellowElite.int";"UTF-16 LE";"798";"OK";"C:\Users\Usuario\Documents\GitHub\dishonored-traducao-analise\Tribo_INT_UTF8\Twk_Pawn_TestPawnYellowElite.int"
"Tribo";"Twk_Pawn_TestPawnYellowGuard.int";"UTF-16 LE";"796";"OK";"C:\Users\Usuario\Documents\GitHub\dishonored-traducao-analise\Tribo_INT_UTF8\Twk_Pawn_TestPawnYellowGuard.int"
"Tribo";"Twk_Pawn_Tower_Captain.int";"UTF-16 LE";"242";"OK";"C:\Users\Usuario\Documents\GitHub\dishonored-traducao-analise\Tribo_INT_UTF8\Twk_Pawn_Tower_Captain.int"
"Tribo";"Twk_Pawn_WolfHound.int";"UTF-16 LE";"2210";"OK";"C:\Users\Usuario\Documents\GitHub\dishonored-traducao-analise\Tribo_INT_UTF8\Twk_Pawn_WolfHound.int"
"Tribo";"Twk_Powers_DevouringSwarm.int";"Windows-1252";"124";"OK";"C:\Users\Usuario\Documents\GitHub\dishonored-traducao-analise\Tribo_INT_UTF8\Twk_Powers_DevouringSwarm.int"
"Tribo";"Twk_Powers_Possess.int";"Windows-1252";"221";"OK";"C:\Users\Usuario\Documents\GitHub\dishonored-traducao-analise\Tribo_INT_UTF8\Twk_Powers_Possess.int"
"Tribo";"Twk_Proj_Arrows.int";"UTF-16 LE";"534";"OK";"C:\Users\Usuario\Documents\GitHub\dishonored-traducao-analise\Tribo_INT_UTF8\Twk_Proj_Arrows.int"
"Tribo";"Twk_Proj_Grenade.int";"UTF-16 LE";"882";"OK";"C:\Users\Usuario\Documents\GitHub\dishonored-traducao-analise\Tribo_INT_UTF8\Twk_Proj_Grenade.int"
"Tribo";"Twk_Proj_GrenadeBase.int";"UTF-16 LE";"960";"OK";"C:\Users\Usuario\Documents\GitHub\dishonored-traducao-analise\Tribo_INT_UTF8\Twk_Proj_GrenadeBase.int"
"Tribo";"Twk_Proj_StickyGrenade.int";"UTF-16 LE";"1048";"OK";"C:\Users\Usuario\Documents\GitHub\dishonored-traducao-analise\Tribo_INT_UTF8\Twk_Proj_StickyGrenade.int"
"Tribo";"Twk_Proj_ThrownObject.int";"UTF-8";"207";"OK";"C:\Users\Usuario\Documents\GitHub\dishonored-traducao-analise\Tribo_INT_UTF8\Twk_Proj_ThrownObject.int"
"Tribo";"twk_proj_whiskeybottle.int";"UTF-16 LE";"1040";"OK";"C:\Users\Usuario\Documents\GitHub\dishonored-traducao-analise\Tribo_INT_UTF8\twk_proj_whiskeybottle.int"
"Tribo";"Twk_Projectiles.int";"UTF-16 LE";"4296";"OK";"C:\Users\Usuario\Documents\GitHub\dishonored-traducao-analise\Tribo_INT_UTF8\Twk_Projectiles.int"
"Tribo";"Twk_RatSwarm.int";"UTF-16 LE";"442";"OK";"C:\Users\Usuario\Documents\GitHub\dishonored-traducao-analise\Tribo_INT_UTF8\Twk_RatSwarm.int"
"Tribo";"Twk_RiverKrust_Interactable.int";"UTF-8";"197";"OK";"C:\Users\Usuario\Documents\GitHub\dishonored-traducao-analise\Tribo_INT_UTF8\Twk_RiverKrust_Interactable.int"
"Tribo";"Twk_UI_MainMenu.int";"Windows-1252";"804";"OK";"C:\Users\Usuario\Documents\GitHub\dishonored-traducao-analise\Tribo_INT_UTF8\Twk_UI_MainMenu.int"
"Tribo";"Twk_UI_MissionStats.int";"Windows-1252";"261";"OK";"C:\Users\Usuario\Documents\GitHub\dishonored-traducao-analise\Tribo_INT_UTF8\Twk_UI_MissionStats.int"
"Tribo";"Twk_Upgrades.int";"Windows-1252";"13506";"OK";"C:\Users\Usuario\Documents\GitHub\dishonored-traducao-analise\Tribo_INT_UTF8\Twk_Upgrades.int"
"Tribo";"usable_HoldToUse_twk.int";"Windows-1252";"2602";"OK";"C:\Users\Usuario\Documents\GitHub\dishonored-traducao-analise\Tribo_INT_UTF8\usable_HoldToUse_twk.int"
"Tribo";"usable_twk.int";"UTF-8";"10098";"OK";"C:\Users\Usuario\Documents\GitHub\dishonored-traducao-analise\Tribo_INT_UTF8\usable_twk.int"
"Tribo";"WallOfLight_twk.int";"Windows-1252";"506";"OK";"C:\Users\Usuario\Documents\GitHub\dishonored-traducao-analise\Tribo_INT_UTF8\WallOfLight_twk.int"
"Tribo";"WatchTower.int";"UTF-8";"190";"OK";"C:\Users\Usuario\Documents\GitHub\dishonored-traducao-analise\Tribo_INT_UTF8\WatchTower.int"
"Tribo";"WatchTower_Twk.int";"UTF-16 LE";"586";"OK";"C:\Users\Usuario\Documents\GitHub\dishonored-traducao-analise\Tribo_INT_UTF8\WatchTower_Twk.int"
"Tribo";"WrittenNotes_Assets.int";"Windows-1252";"5831";"OK";"C:\Users\Usuario\Documents\GitHub\dishonored-traducao-analise\Tribo_INT_UTF8\WrittenNotes_Assets.int"
"Tribo";"WrittenNotes_twk.int";"UTF-16 LE";"333080";"OK";"C:\Users\Usuario\Documents\GitHub\dishonored-traducao-analise\Tribo_INT_UTF8\WrittenNotes_twk.int"
"Tribo";"ysaquet_Bridge.int";"UTF-16 LE";"1242";"OK";"C:\Users\Usuario\Documents\GitHub\dishonored-traducao-analise\Tribo_INT_UTF8\ysaquet_Bridge.int"
"DeepSeek";"ArtDealer_MS.int";"UTF-16 LE";"1970";"OK";"C:\Users\Usuario\Documents\GitHub\dishonored-traducao-analise\DeepSeek_INT_UTF8\ArtDealer_MS.int"
"DeepSeek";"AssassinsTraining_MS.int";"UTF-16 LE";"3342";"OK";"C:\Users\Usuario\Documents\GitHub\dishonored-traducao-analise\DeepSeek_INT_UTF8\AssassinsTraining_MS.int"
"DeepSeek";"AudioGraph_Assets.int";"UTF-16 LE";"1134";"OK";"C:\Users\Usuario\Documents\GitHub\dishonored-traducao-analise\DeepSeek_INT_UTF8\AudioGraph_Assets.int"
"DeepSeek";"AudioGraph_Twk.int";"UTF-16 LE";"25554";"OK";"C:\Users\Usuario\Documents\GitHub\dishonored-traducao-analise\DeepSeek_INT_UTF8\AudioGraph_Twk.int"
"DeepSeek";"BendTimeMassacre_MS_Tweak.int";"UTF-16 LE";"4274";"OK";"C:\Users\Usuario\Documents\GitHub\dishonored-traducao-analise\DeepSeek_INT_UTF8\BendTimeMassacre_MS_Tweak.int"
"DeepSeek";"Blueprints_twk.int";"UTF-16 LE";"5998";"OK";"C:\Users\Usuario\Documents\GitHub\dishonored-traducao-analise\DeepSeek_INT_UTF8\Blueprints_twk.int"
"DeepSeek";"Blueprints_twk_Abst.int";"UTF-16 LE";"4846";"OK";"C:\Users\Usuario\Documents\GitHub\dishonored-traducao-analise\DeepSeek_INT_UTF8\Blueprints_twk_Abst.int"
"DeepSeek";"Boyle_AbstractInv_Assets.int";"UTF-16 LE";"5378";"OK";"C:\Users\Usuario\Documents\GitHub\dishonored-traducao-analise\DeepSeek_INT_UTF8\Boyle_AbstractInv_Assets.int"
"DeepSeek";"Boyle_AbstractInv_MS.int";"UTF-16 LE";"2014";"OK";"C:\Users\Usuario\Documents\GitHub\dishonored-traducao-analise\DeepSeek_INT_UTF8\Boyle_AbstractInv_MS.int"
"DeepSeek";"boyle_ext_MS.int";"UTF-16 LE";"982";"OK";"C:\Users\Usuario\Documents\GitHub\dishonored-traducao-analise\DeepSeek_INT_UTF8\boyle_ext_MS.int"
"DeepSeek";"boyle_int_MS.int";"UTF-16 LE";"902";"OK";"C:\Users\Usuario\Documents\GitHub\dishonored-traducao-analise\DeepSeek_INT_UTF8\boyle_int_MS.int"
"DeepSeek";"Boyle_Objectives.int";"UTF-16 LE";"9452";"OK";"C:\Users\Usuario\Documents\GitHub\dishonored-traducao-analise\DeepSeek_INT_UTF8\Boyle_Objectives.int"
"DeepSeek";"Boyle_Twk.int";"UTF-16 LE";"5868";"OK";"C:\Users\Usuario\Documents\GitHub\dishonored-traducao-analise\DeepSeek_INT_UTF8\Boyle_Twk.int"
"DeepSeek";"Bridge_Abstract.int";"UTF-16 LE";"7278";"OK";"C:\Users\Usuario\Documents\GitHub\dishonored-traducao-analise\DeepSeek_INT_UTF8\Bridge_Abstract.int"
"DeepSeek";"Bridge_MS.int";"UTF-16 LE";"476";"OK";"C:\Users\Usuario\Documents\GitHub\dishonored-traducao-analise\DeepSeek_INT_UTF8\Bridge_MS.int"
"DeepSeek";"Bridge_Objectives.int";"UTF-16 LE";"4910";"OK";"C:\Users\Usuario\Documents\GitHub\dishonored-traducao-analise\DeepSeek_INT_UTF8\Bridge_Objectives.int"
"DeepSeek";"Bridge_Tweaks.int";"UTF-16 LE";"2208";"OK";"C:\Users\Usuario\Documents\GitHub\dishonored-traducao-analise\DeepSeek_INT_UTF8\Bridge_Tweaks.int"
"DeepSeek";"Bridge_Twk.int";"UTF-16 LE";"8928";"OK";"C:\Users\Usuario\Documents\GitHub\dishonored-traducao-analise\DeepSeek_INT_UTF8\Bridge_Twk.int"
"DeepSeek";"Brothel_Objectives.int";"UTF-16 LE";"7220";"OK";"C:\Users\Usuario\Documents\GitHub\dishonored-traducao-analise\DeepSeek_INT_UTF8\Brothel_Objectives.int"
"DeepSeek";"Brothel_Tweak.int";"UTF-16 LE";"760";"OK";"C:\Users\Usuario\Documents\GitHub\dishonored-traducao-analise\DeepSeek_INT_UTF8\Brothel_Tweak.int"
"DeepSeek";"Brothel_Twk.int";"UTF-16 LE";"3794";"OK";"C:\Users\Usuario\Documents\GitHub\dishonored-traducao-analise\DeepSeek_INT_UTF8\Brothel_Twk.int"
"DeepSeek";"ChainGauntlet_Script_MS.int";"UTF-16 LE";"6490";"OK";"C:\Users\Usuario\Documents\GitHub\dishonored-traducao-analise\DeepSeek_INT_UTF8\ChainGauntlet_Script_MS.int"
"DeepSeek";"ChainKill_Script_MS.int";"UTF-16 LE";"6186";"OK";"C:\Users\Usuario\Documents\GitHub\dishonored-traducao-analise\DeepSeek_INT_UTF8\ChainKill_Script_MS.int"
"DeepSeek";"ChapterNotes_twk.int";"UTF-16 LE";"68710";"OK";"C:\Users\Usuario\Documents\GitHub\dishonored-traducao-analise\DeepSeek_INT_UTF8\ChapterNotes_twk.int"
"DeepSeek";"Climbable_Twk.int";"UTF-16 LE";"4836";"OK";"C:\Users\Usuario\Documents\GitHub\dishonored-traducao-analise\DeepSeek_INT_UTF8\Climbable_Twk.int"
"DeepSeek";"Components_twk.int";"UTF-16 LE";"5264";"OK";"C:\Users\Usuario\Documents\GitHub\dishonored-traducao-analise\DeepSeek_INT_UTF8\Components_twk.int"
"DeepSeek";"Countdown_MS.int";"UTF-16 LE";"4294";"OK";"C:\Users\Usuario\Documents\GitHub\dishonored-traducao-analise\DeepSeek_INT_UTF8\Countdown_MS.int"
"DeepSeek";"Descriptions.int";"UTF-16 LE";"332";"OK";"C:\Users\Usuario\Documents\GitHub\dishonored-traducao-analise\DeepSeek_INT_UTF8\Descriptions.int"
"DeepSeek";"DishonoredEditor.int";"UTF-16 LE";"12614";"OK";"C:\Users\Usuario\Documents\GitHub\dishonored-traducao-analise\DeepSeek_INT_UTF8\DishonoredEditor.int"
"DeepSeek";"DishonoredGame.int";"UTF-16 LE";"200976";"OK";"C:\Users\Usuario\Documents\GitHub\dishonored-traducao-analise\DeepSeek_INT_UTF8\DishonoredGame.int"
"DeepSeek";"Distillery_MS.int";"UTF-16 LE";"1586";"OK";"C:\Users\Usuario\Documents\GitHub\dishonored-traducao-analise\DeepSeek_INT_UTF8\Distillery_MS.int"
"DeepSeek";"DLC05_01.int";"UTF-16 LE";"2002";"OK";"C:\Users\Usuario\Documents\GitHub\dishonored-traducao-analise\DeepSeek_INT_UTF8\DLC05_01.int"
"DeepSeek";"DLC05_Accuracy.int";"UTF-16 LE";"468";"OK";"C:\Users\Usuario\Documents\GitHub\dishonored-traducao-analise\DeepSeek_INT_UTF8\DLC05_Accuracy.int"
"DeepSeek";"DLC05_BendTimeMassacre.int";"UTF-16 LE";"7318";"OK";"C:\Users\Usuario\Documents\GitHub\dishonored-traducao-analise\DeepSeek_INT_UTF8\DLC05_BendTimeMassacre.int"
"DeepSeek";"DLC05_bootcamp.int";"UTF-16 LE";"5374";"OK";"C:\Users\Usuario\Documents\GitHub\dishonored-traducao-analise\DeepSeek_INT_UTF8\DLC05_bootcamp.int"
"DeepSeek";"DLC05_CatchMeIfYouCan.int";"UTF-16 LE";"380";"OK";"C:\Users\Usuario\Documents\GitHub\dishonored-traducao-analise\DeepSeek_INT_UTF8\DLC05_CatchMeIfYouCan.int"
"DeepSeek";"DLC05_ChainGauntlet.int";"UTF-16 LE";"986";"OK";"C:\Users\Usuario\Documents\GitHub\dishonored-traducao-analise\DeepSeek_INT_UTF8\DLC05_ChainGauntlet.int"
"DeepSeek";"DLC05_ChainKill.int";"UTF-16 LE";"6554";"OK";"C:\Users\Usuario\Documents\GitHub\dishonored-traducao-analise\DeepSeek_INT_UTF8\DLC05_ChainKill.int"
"DeepSeek";"DLC05_Countdown.int";"UTF-16 LE";"540";"OK";"C:\Users\Usuario\Documents\GitHub\dishonored-traducao-analise\DeepSeek_INT_UTF8\DLC05_Countdown.int"
"DeepSeek";"DLC05_infiltrate01.int";"UTF-16 LE";"984";"OK";"C:\Users\Usuario\Documents\GitHub\dishonored-traducao-analise\DeepSeek_INT_UTF8\DLC05_infiltrate01.int"
"DeepSeek";"DLC05_movable_twk.int";"UTF-16 LE";"1040";"OK";"C:\Users\Usuario\Documents\GitHub\dishonored-traducao-analise\DeepSeek_INT_UTF8\DLC05_movable_twk.int"
"DeepSeek";"DLC05_MysteryMan.int";"UTF-16 LE";"2434";"OK";"C:\Users\Usuario\Documents\GitHub\dishonored-traducao-analise\DeepSeek_INT_UTF8\DLC05_MysteryMan.int"
"DeepSeek";"DLC05_race01.int";"UTF-16 LE";"426";"OK";"C:\Users\Usuario\Documents\GitHub\dishonored-traducao-analise\DeepSeek_INT_UTF8\DLC05_race01.int"
"DeepSeek";"DLC05_TheThreeKeys.int";"UTF-16 LE";"2682";"OK";"C:\Users\Usuario\Documents\GitHub\dishonored-traducao-analise\DeepSeek_INT_UTF8\DLC05_TheThreeKeys.int"
"DeepSeek";"DLC05_Thief.int";"UTF-16 LE";"3218";"OK";"C:\Users\Usuario\Documents\GitHub\dishonored-traducao-analise\DeepSeek_INT_UTF8\DLC05_Thief.int"
"DeepSeek";"DLC05_usable_twk.int";"UTF-16 LE";"522";"OK";"C:\Users\Usuario\Documents\GitHub\dishonored-traducao-analise\DeepSeek_INT_UTF8\DLC05_usable_twk.int"
"DeepSeek";"DLC06_Assault_Objectives.int";"UTF-16 LE";"12354";"OK";"C:\Users\Usuario\Documents\GitHub\dishonored-traducao-analise\DeepSeek_INT_UTF8\DLC06_Assault_Objectives.int"
"DeepSeek";"DLC06_Attach_Butcher.int";"UTF-16 LE";"1236";"OK";"C:\Users\Usuario\Documents\GitHub\dishonored-traducao-analise\DeepSeek_INT_UTF8\DLC06_Attach_Butcher.int"
"DeepSeek";"DLC06_AudioGraph_Twk.int";"UTF-16 LE";"2386";"OK";"C:\Users\Usuario\Documents\GitHub\dishonored-traducao-analise\DeepSeek_INT_UTF8\DLC06_AudioGraph_Twk.int"
"DeepSeek";"DLC06_Blueprints_seekfree.int";"UTF-16 LE";"2324";"OK";"C:\Users\Usuario\Documents\GitHub\dishonored-traducao-analise\DeepSeek_INT_UTF8\DLC06_Blueprints_seekfree.int"
"DeepSeek";"DLC06_Blueprints_twk.int";"UTF-16 LE";"1166";"OK";"C:\Users\Usuario\Documents\GitHub\dishonored-traducao-analise\DeepSeek_INT_UTF8\DLC06_Blueprints_twk.int"
"DeepSeek";"DLC06_ChapterInfoList.int";"UTF-16 LE";"3612";"OK";"C:\Users\Usuario\Documents\GitHub\dishonored-traducao-analise\DeepSeek_INT_UTF8\DLC06_ChapterInfoList.int"
"DeepSeek";"DLC06_ChapterNotes_twk.int";"UTF-16 LE";"14382";"OK";"C:\Users\Usuario\Documents\GitHub\dishonored-traducao-analise\DeepSeek_INT_UTF8\DLC06_ChapterNotes_twk.int"
"DeepSeek";"DLC06_DaudBase_Script.INT";"UTF-16 LE";"9246";"OK";"C:\Users\Usuario\Documents\GitHub\dishonored-traducao-analise\DeepSeek_INT_UTF8\DLC06_DaudBase_Script.INT"
"DeepSeek";"DLC06_DaudsBase_AbsInv_MS.int";"UTF-16 LE";"5254";"OK";"C:\Users\Usuario\Documents\GitHub\dishonored-traducao-analise\DeepSeek_INT_UTF8\DLC06_DaudsBase_AbsInv_MS.int"
"DeepSeek";"DLC06_DaudsBase_MS.int";"UTF-16 LE";"2586";"OK";"C:\Users\Usuario\Documents\GitHub\dishonored-traducao-analise\DeepSeek_INT_UTF8\DLC06_DaudsBase_MS.int"
"DeepSeek";"DLC06_DishonoredGameFull_P.INT";"UTF-16 LE";"406";"OK";"C:\Users\Usuario\Documents\GitHub\dishonored-traducao-analise\DeepSeek_INT_UTF8\DLC06_DishonoredGameFull_P.INT"
"DeepSeek";"DLC06_Intro_MS_Abst.int";"UTF-16 LE";"1118";"OK";"C:\Users\Usuario\Documents\GitHub\dishonored-traducao-analise\DeepSeek_INT_UTF8\DLC06_Intro_MS_Abst.int"
"DeepSeek";"DLC06_Intro_Objectives.int";"UTF-16 LE";"966";"OK";"C:\Users\Usuario\Documents\GitHub\dishonored-traducao-analise\DeepSeek_INT_UTF8\DLC06_Intro_Objectives.int"
"DeepSeek";"DLC06_Inv_ArcMine.int";"UTF-16 LE";"2052";"OK";"C:\Users\Usuario\Documents\GitHub\dishonored-traducao-analise\DeepSeek_INT_UTF8\DLC06_Inv_ArcMine.int"
"DeepSeek";"DLC06_Inv_CleaverButcher.int";"UTF-16 LE";"280";"OK";"C:\Users\Usuario\Documents\GitHub\dishonored-traducao-analise\DeepSeek_INT_UTF8\DLC06_Inv_CleaverButcher.int"
"DeepSeek";"DLC06_Inv_NPC_Butcher.int";"UTF-16 LE";"318";"OK";"C:\Users\Usuario\Documents\GitHub\dishonored-traducao-analise\DeepSeek_INT_UTF8\DLC06_Inv_NPC_Butcher.int"
"DeepSeek";"DLC06_Inv_SumAssassin.int";"UTF-16 LE";"222";"OK";"C:\Users\Usuario\Documents\GitHub\dishonored-traducao-analise\DeepSeek_INT_UTF8\DLC06_Inv_SumAssassin.int"
"DeepSeek";"DLC06_LocationMaps_Assets.int";"UTF-16 LE";"6820";"OK";"C:\Users\Usuario\Documents\GitHub\dishonored-traducao-analise\DeepSeek_INT_UTF8\DLC06_LocationMaps_Assets.int"
"DeepSeek";"DLC06_MissionStats.int";"UTF-16 LE";"4044";"OK";"C:\Users\Usuario\Documents\GitHub\dishonored-traducao-analise\DeepSeek_INT_UTF8\DLC06_MissionStats.int"
"DeepSeek";"DLC06_Notes_Slaughter.int";"UTF-16 LE";"25834";"OK";"C:\Users\Usuario\Documents\GitHub\dishonored-traducao-analise\DeepSeek_INT_UTF8\DLC06_Notes_Slaughter.int"
"DeepSeek";"DLC06_Pckp_Ammo.int";"UTF-16 LE";"832";"OK";"C:\Users\Usuario\Documents\GitHub\dishonored-traducao-analise\DeepSeek_INT_UTF8\DLC06_Pckp_Ammo.int"
"DeepSeek";"DLC06_Pckp_Heirlooms.int";"UTF-16 LE";"7876";"OK";"C:\Users\Usuario\Documents\GitHub\dishonored-traducao-analise\DeepSeek_INT_UTF8\DLC06_Pckp_Heirlooms.int"
"DeepSeek";"DLC06_Pckp_Maps.int";"UTF-16 LE";"828";"OK";"C:\Users\Usuario\Documents\GitHub\dishonored-traducao-analise\DeepSeek_INT_UTF8\DLC06_Pckp_Maps.int"
"DeepSeek";"DLC06_Proj_Flashsmoke.int";"UTF-16 LE";"554";"OK";"C:\Users\Usuario\Documents\GitHub\dishonored-traducao-analise\DeepSeek_INT_UTF8\DLC06_Proj_Flashsmoke.int"
"DeepSeek";"DLC06_Proj_SawProjectiles.int";"UTF-16 LE";"798";"OK";"C:\Users\Usuario\Documents\GitHub\dishonored-traducao-analise\DeepSeek_INT_UTF8\DLC06_Proj_SawProjectiles.int"
"DeepSeek";"DLC06_Pwn_Aristo_F_Timsh.int";"UTF-16 LE";"212";"OK";"C:\Users\Usuario\Documents\GitHub\dishonored-traducao-analise\DeepSeek_INT_UTF8\DLC06_Pwn_Aristo_F_Timsh.int"
"DeepSeek";"DLC06_Pwn_Assassin_Lieut.int";"UTF-16 LE";"872";"OK";"C:\Users\Usuario\Documents\GitHub\dishonored-traducao-analise\DeepSeek_INT_UTF8\DLC06_Pwn_Assassin_Lieut.int"
"DeepSeek";"DLC06_Pwn_Butcher.int";"UTF-16 LE";"242";"OK";"C:\Users\Usuario\Documents\GitHub\dishonored-traducao-analise\DeepSeek_INT_UTF8\DLC06_Pwn_Butcher.int"
"DeepSeek";"DLC06_Pwn_CleaverButcher_Base.int";"UTF-16 LE";"236";"OK";"C:\Users\Usuario\Documents\GitHub\dishonored-traducao-analise\DeepSeek_INT_UTF8\DLC06_Pwn_CleaverButcher_Base.int"
"DeepSeek";"DLC06_Pwn_Dead_NPCs.int";"UTF-16 LE";"726";"OK";"C:\Users\Usuario\Documents\GitHub\dishonored-traducao-analise\DeepSeek_INT_UTF8\DLC06_Pwn_Dead_NPCs.int"
"DeepSeek";"DLC06_Pwn_Laborer_F_1.int";"UTF-16 LE";"228";"OK";"C:\Users\Usuario\Documents\GitHub\dishonored-traducao-analise\DeepSeek_INT_UTF8\DLC06_Pwn_Laborer_F_1.int"
"DeepSeek";"DLC06_Pwn_Laborer_F_Ames.int";"UTF-16 LE";"212";"OK";"C:\Users\Usuario\Documents\GitHub\dishonored-traducao-analise\DeepSeek_INT_UTF8\DLC06_Pwn_Laborer_F_Ames.int"
"DeepSeek";"DLC06_Pwn_Laborer_MTall_1.int";"UTF-16 LE";"236";"OK";"C:\Users\Usuario\Documents\GitHub\dishonored-traducao-analise\DeepSeek_INT_UTF8\DLC06_Pwn_Laborer_MTall_1.int"
"DeepSeek";"DLC06_Pwn_MiddleClass_MTall_1.int";"UTF-16 LE";"234";"OK";"C:\Users\Usuario\Documents\GitHub\dishonored-traducao-analise\DeepSeek_INT_UTF8\DLC06_Pwn_MiddleClass_MTall_1.int"
"DeepSeek";"DLC06_Pwn_MTall_Rothwild.int";"UTF-16 LE";"286";"OK";"C:\Users\Usuario\Documents\GitHub\dishonored-traducao-analise\DeepSeek_INT_UTF8\DLC06_Pwn_MTall_Rothwild.int"
"DeepSeek";"DLC06_Pwn_MTall_Timsh.int";"UTF-16 LE";"816";"OK";"C:\Users\Usuario\Documents\GitHub\dishonored-traducao-analise\DeepSeek_INT_UTF8\DLC06_Pwn_MTall_Timsh.int"
"DeepSeek";"DLC06_Pwn_ThugWhiskey_MSmall_1.int";"UTF-16 LE";"260";"OK";"C:\Users\Usuario\Documents\GitHub\dishonored-traducao-analise\DeepSeek_INT_UTF8\DLC06_Pwn_ThugWhiskey_MSmall_1.int"
"DeepSeek";"DLC06_Pwn_Witch_Delilah.int";"UTF-16 LE";"246";"OK";"C:\Users\Usuario\Documents\GitHub\dishonored-traducao-analise\DeepSeek_INT_UTF8\DLC06_Pwn_Witch_Delilah.int"
"DeepSeek";"DLC06_RewireTool.int";"UTF-16 LE";"542";"OK";"C:\Users\Usuario\Documents\GitHub\dishonored-traducao-analise\DeepSeek_INT_UTF8\DLC06_RewireTool.int"
"DeepSeek";"DLC06_SecuritySystems_twk.int";"UTF-16 LE";"8950";"OK";"C:\Users\Usuario\Documents\GitHub\dishonored-traducao-analise\DeepSeek_INT_UTF8\DLC06_SecuritySystems_twk.int"
"DeepSeek";"DLC06_Slaughter_Ext_Assn.INT";"UTF-16 LE";"260";"OK";"C:\Users\Usuario\Documents\GitHub\dishonored-traducao-analise\DeepSeek_INT_UTF8\DLC06_Slaughter_Ext_Assn.INT"
"DeepSeek";"DLC06_Slaughter_Ext_P.INT";"UTF-16 LE";"1392";"OK";"C:\Users\Usuario\Documents\GitHub\dishonored-traducao-analise\DeepSeek_INT_UTF8\DLC06_Slaughter_Ext_P.INT"
"DeepSeek";"DLC06_Slaughter_Ext_Script.INT";"UTF-16 LE";"4612";"OK";"C:\Users\Usuario\Documents\GitHub\dishonored-traducao-analise\DeepSeek_INT_UTF8\DLC06_Slaughter_Ext_Script.INT"
"DeepSeek";"DLC06_Slaughter_Int_Assassin.INT";"UTF-16 LE";"266";"OK";"C:\Users\Usuario\Documents\GitHub\dishonored-traducao-analise\DeepSeek_INT_UTF8\DLC06_Slaughter_Int_Assassin.INT"
"DeepSeek";"DLC06_Slaughter_Int_Script.INT";"UTF-16 LE";"19866";"OK";"C:\Users\Usuario\Documents\GitHub\dishonored-traducao-analise\DeepSeek_INT_UTF8\DLC06_Slaughter_Int_Script.INT"
"DeepSeek";"DLC06_Slaughter_Int_Script2.INT";"UTF-16 LE";"7760";"OK";"C:\Users\Usuario\Documents\GitHub\dishonored-traducao-analise\DeepSeek_INT_UTF8\DLC06_Slaughter_Int_Script2.INT"
"DeepSeek";"DLC06_Slaughter_MS_Abst.int";"UTF-16 LE";"698";"OK";"C:\Users\Usuario\Documents\GitHub\dishonored-traducao-analise\DeepSeek_INT_UTF8\DLC06_Slaughter_MS_Abst.int"
"DeepSeek";"DLC06_Slaughter_Objectives.int";"UTF-16 LE";"19862";"OK";"C:\Users\Usuario\Documents\GitHub\dishonored-traducao-analise\DeepSeek_INT_UTF8\DLC06_Slaughter_Objectives.int"
"DeepSeek";"DLC06_Slaughter_Twk.int";"UTF-16 LE";"10544";"OK";"C:\Users\Usuario\Documents\GitHub\dishonored-traducao-analise\DeepSeek_INT_UTF8\DLC06_Slaughter_Twk.int"
"DeepSeek";"DLC06_Store_SeekFree.int";"UTF-16 LE";"208";"OK";"C:\Users\Usuario\Documents\GitHub\dishonored-traducao-analise\DeepSeek_INT_UTF8\DLC06_Store_SeekFree.int"
"DeepSeek";"DLC06_Timsh_Estate_P.INT";"UTF-16 LE";"986";"OK";"C:\Users\Usuario\Documents\GitHub\dishonored-traducao-analise\DeepSeek_INT_UTF8\DLC06_Timsh_Estate_P.INT"
"DeepSeek";"DLC06_Timsh_Estate_Scripts.INT";"UTF-16 LE";"17088";"OK";"C:\Users\Usuario\Documents\GitHub\dishonored-traducao-analise\DeepSeek_INT_UTF8\DLC06_Timsh_Estate_Scripts.INT"
"DeepSeek";"DLC06_Timsh_MS_Abst.int";"UTF-16 LE";"35074";"OK";"C:\Users\Usuario\Documents\GitHub\dishonored-traducao-analise\DeepSeek_INT_UTF8\DLC06_Timsh_MS_Abst.int"
"DeepSeek";"DLC06_Timsh_MS_Pawns.int";"UTF-16 LE";"3940";"OK";"C:\Users\Usuario\Documents\GitHub\dishonored-traducao-analise\DeepSeek_INT_UTF8\DLC06_Timsh_MS_Pawns.int"
"DeepSeek";"DLC06_Timsh_MS_Tweak.int";"UTF-16 LE";"8592";"OK";"C:\Users\Usuario\Documents\GitHub\dishonored-traducao-analise\DeepSeek_INT_UTF8\DLC06_Timsh_MS_Tweak.int"
"DeepSeek";"DLC06_Timsh_Objectives.int";"UTF-16 LE";"9908";"OK";"C:\Users\Usuario\Documents\GitHub\dishonored-traducao-analise\DeepSeek_INT_UTF8\DLC06_Timsh_Objectives.int"
"DeepSeek";"DLC06_Timsh_Streets_P.INT";"UTF-16 LE";"1462";"OK";"C:\Users\Usuario\Documents\GitHub\dishonored-traducao-analise\DeepSeek_INT_UTF8\DLC06_Timsh_Streets_P.INT"
"DeepSeek";"DLC06_Timsh_Streets_Scripts.INT";"UTF-16 LE";"9402";"OK";"C:\Users\Usuario\Documents\GitHub\dishonored-traducao-analise\DeepSeek_INT_UTF8\DLC06_Timsh_Streets_Scripts.INT"
"DeepSeek";"DLC06_Tower_Script.INT";"UTF-16 LE";"830";"OK";"C:\Users\Usuario\Documents\GitHub\dishonored-traducao-analise\DeepSeek_INT_UTF8\DLC06_Tower_Script.INT"
"DeepSeek";"DLC06_Traps_twk.int";"UTF-16 LE";"512";"OK";"C:\Users\Usuario\Documents\GitHub\dishonored-traducao-analise\DeepSeek_INT_UTF8\DLC06_Traps_twk.int"
"DeepSeek";"DLC06_Tutorials_twk.int";"UTF-16 LE";"1958";"OK";"C:\Users\Usuario\Documents\GitHub\dishonored-traducao-analise\DeepSeek_INT_UTF8\DLC06_Tutorials_twk.int"
"DeepSeek";"DLC06_Twk_Inv_GrenadeDaud.int";"UTF-16 LE";"1942";"OK";"C:\Users\Usuario\Documents\GitHub\dishonored-traducao-analise\DeepSeek_INT_UTF8\DLC06_Twk_Inv_GrenadeDaud.int"
"DeepSeek";"DLC06_Twk_Inv_PlayerSpecific.int";"UTF-16 LE";"1026";"OK";"C:\Users\Usuario\Documents\GitHub\dishonored-traducao-analise\DeepSeek_INT_UTF8\DLC06_Twk_Inv_PlayerSpecific.int"
"DeepSeek";"DLC06_Twk_Player_Daud.int";"UTF-16 LE";"4812";"OK";"C:\Users\Usuario\Documents\GitHub\dishonored-traducao-analise\DeepSeek_INT_UTF8\DLC06_Twk_Player_Daud.int"
"DeepSeek";"DLC06_Twk_Powers_Assassummon.int";"UTF-16 LE";"6024";"OK";"C:\Users\Usuario\Documents\GitHub\dishonored-traducao-analise\DeepSeek_INT_UTF8\DLC06_Twk_Powers_Assassummon.int"
"DeepSeek";"DLC06_Twk_Store.int";"UTF-16 LE";"10962";"OK";"C:\Users\Usuario\Documents\GitHub\dishonored-traducao-analise\DeepSeek_INT_UTF8\DLC06_Twk_Store.int"
"DeepSeek";"DLC06_Twk_UI.int";"UTF-16 LE";"10012";"OK";"C:\Users\Usuario\Documents\GitHub\dishonored-traducao-analise\DeepSeek_INT_UTF8\DLC06_Twk_UI.int"
"DeepSeek";"DLC06_Twk_UI_MainMenu.int";"UTF-16 LE";"534";"OK";"C:\Users\Usuario\Documents\GitHub\dishonored-traducao-analise\DeepSeek_INT_UTF8\DLC06_Twk_UI_MainMenu.int"
"DeepSeek";"DLC06_Twk_Upgrades.int";"UTF-16 LE";"8862";"OK";"C:\Users\Usuario\Documents\GitHub\dishonored-traducao-analise\DeepSeek_INT_UTF8\DLC06_Twk_Upgrades.int"
"DeepSeek";"DLC06_WrittenNotes_twk.int";"UTF-16 LE";"78166";"OK";"C:\Users\Usuario\Documents\GitHub\dishonored-traducao-analise\DeepSeek_INT_UTF8\DLC06_WrittenNotes_twk.int"
"DeepSeek";"DLC07_AudioGraph_Twk.int";"UTF-16 LE";"716";"OK";"C:\Users\Usuario\Documents\GitHub\dishonored-traducao-analise\DeepSeek_INT_UTF8\DLC07_AudioGraph_Twk.int"
"DeepSeek";"DLC07_Base_Objectives.int";"UTF-16 LE";"1446";"OK";"C:\Users\Usuario\Documents\GitHub\dishonored-traducao-analise\DeepSeek_INT_UTF8\DLC07_Base_Objectives.int"
"DeepSeek";"dlc07_baseintro_twk.int";"UTF-16 LE";"494";"OK";"C:\Users\Usuario\Documents\GitHub\dishonored-traducao-analise\DeepSeek_INT_UTF8\dlc07_baseintro_twk.int"
"DeepSeek";"DLC07_Blueprints_seekfree.int";"UTF-16 LE";"572";"OK";"C:\Users\Usuario\Documents\GitHub\dishonored-traducao-analise\DeepSeek_INT_UTF8\DLC07_Blueprints_seekfree.int"
"DeepSeek";"DLC07_Blueprints_twk.int";"UTF-16 LE";"280";"OK";"C:\Users\Usuario\Documents\GitHub\dishonored-traducao-analise\DeepSeek_INT_UTF8\DLC07_Blueprints_twk.int"
"DeepSeek";"DLC07_Brig_AbstInv_Seekfree.int";"UTF-16 LE";"18666";"OK";"C:\Users\Usuario\Documents\GitHub\dishonored-traducao-analise\DeepSeek_INT_UTF8\DLC07_Brig_AbstInv_Seekfree.int"
"DeepSeek";"DLC07_Brig_AbstractInv_MS.int";"UTF-16 LE";"1132";"OK";"C:\Users\Usuario\Documents\GitHub\dishonored-traducao-analise\DeepSeek_INT_UTF8\DLC07_Brig_AbstractInv_MS.int"
"DeepSeek";"DLC07_Brig_Void_MS.int";"UTF-16 LE";"628";"OK";"C:\Users\Usuario\Documents\GitHub\dishonored-traducao-analise\DeepSeek_INT_UTF8\DLC07_Brig_Void_MS.int"
"DeepSeek";"DLC07_BrigLever.int";"UTF-16 LE";"4572";"OK";"C:\Users\Usuario\Documents\GitHub\dishonored-traducao-analise\DeepSeek_INT_UTF8\DLC07_BrigLever.int"
"DeepSeek";"DLC07_Brigmore_Objectives.int";"UTF-16 LE";"11864";"OK";"C:\Users\Usuario\Documents\GitHub\dishonored-traducao-analise\DeepSeek_INT_UTF8\DLC07_Brigmore_Objectives.int"
"DeepSeek";"DLC07_Brigmore_Void_FX.int";"UTF-16 LE";"702";"OK";"C:\Users\Usuario\Documents\GitHub\dishonored-traducao-analise\DeepSeek_INT_UTF8\DLC07_Brigmore_Void_FX.int"
"DeepSeek";"DLC07_ChapterInfoList.int";"UTF-16 LE";"4376";"OK";"C:\Users\Usuario\Documents\GitHub\dishonored-traducao-analise\DeepSeek_INT_UTF8\DLC07_ChapterInfoList.int"
"DeepSeek";"DLC07_ChapterNotes_twk.int";"UTF-16 LE";"27130";"OK";"C:\Users\Usuario\Documents\GitHub\dishonored-traducao-analise\DeepSeek_INT_UTF8\DLC07_ChapterNotes_twk.int"
"DeepSeek";"DLC07_Coldridge_AbsInv_MS.int";"UTF-16 LE";"19780";"OK";"C:\Users\Usuario\Documents\GitHub\dishonored-traducao-analise\DeepSeek_INT_UTF8\DLC07_Coldridge_AbsInv_MS.int"
"DeepSeek";"DLC07_Coldridge_MS.int";"UTF-16 LE";"6820";"OK";"C:\Users\Usuario\Documents\GitHub\dishonored-traducao-analise\DeepSeek_INT_UTF8\DLC07_Coldridge_MS.int"
"DeepSeek";"DLC07_Coldridge_Objectives.int";"UTF-16 LE";"8622";"OK";"C:\Users\Usuario\Documents\GitHub\dishonored-traducao-analise\DeepSeek_INT_UTF8\DLC07_Coldridge_Objectives.int"
"DeepSeek";"DLC07_DesignTemp.int";"UTF-16 LE";"216";"OK";"C:\Users\Usuario\Documents\GitHub\dishonored-traducao-analise\DeepSeek_INT_UTF8\DLC07_DesignTemp.int"
"DeepSeek";"DLC07_DraperMill_AbsInv_MS.int";"UTF-16 LE";"7178";"OK";"C:\Users\Usuario\Documents\GitHub\dishonored-traducao-analise\DeepSeek_INT_UTF8\DLC07_DraperMill_AbsInv_MS.int"
"DeepSeek";"DLC07_DraperMill_Twk.int";"UTF-16 LE";"6750";"OK";"C:\Users\Usuario\Documents\GitHub\dishonored-traducao-analise\DeepSeek_INT_UTF8\DLC07_DraperMill_Twk.int"
"DeepSeek";"DLC07_DraperShip_Twk.int";"UTF-16 LE";"1624";"OK";"C:\Users\Usuario\Documents\GitHub\dishonored-traducao-analise\DeepSeek_INT_UTF8\DLC07_DraperShip_Twk.int"
"DeepSeek";"DLC07_DraperStreet_Twk.int";"UTF-16 LE";"3944";"OK";"C:\Users\Usuario\Documents\GitHub\dishonored-traducao-analise\DeepSeek_INT_UTF8\DLC07_DraperStreet_Twk.int"
"DeepSeek";"DLC07_DrapersWard_Objectives.int";"UTF-16 LE";"8662";"OK";"C:\Users\Usuario\Documents\GitHub\dishonored-traducao-analise\DeepSeek_INT_UTF8\DLC07_DrapersWard_Objectives.int"
"DeepSeek";"DLC07_DWEngineCoil_Objectives.int";"UTF-16 LE";"5510";"OK";"C:\Users\Usuario\Documents\GitHub\dishonored-traducao-analise\DeepSeek_INT_UTF8\DLC07_DWEngineCoil_Objectives.int"
"DeepSeek";"DLC07_DWGeezer_Objectives.int";"UTF-16 LE";"3256";"OK";"C:\Users\Usuario\Documents\GitHub\dishonored-traducao-analise\DeepSeek_INT_UTF8\DLC07_DWGeezer_Objectives.int"
"DeepSeek";"DLC07_DWSewer_AbsInv_MS.int";"UTF-16 LE";"3654";"OK";"C:\Users\Usuario\Documents\GitHub\dishonored-traducao-analise\DeepSeek_INT_UTF8\DLC07_DWSewer_AbsInv_MS.int"
"DeepSeek";"DLC07_DWSewer_Objectives.int";"UTF-16 LE";"4280";"OK";"C:\Users\Usuario\Documents\GitHub\dishonored-traducao-analise\DeepSeek_INT_UTF8\DLC07_DWSewer_Objectives.int"
"DeepSeek";"DLC07_DWSewer_Twk.int";"UTF-16 LE";"2950";"OK";"C:\Users\Usuario\Documents\GitHub\dishonored-traducao-analise\DeepSeek_INT_UTF8\DLC07_DWSewer_Twk.int"
"DeepSeek";"DLC07_DWShip_MS_SeekFree.int";"UTF-16 LE";"3582";"OK";"C:\Users\Usuario\Documents\GitHub\dishonored-traducao-analise\DeepSeek_INT_UTF8\DLC07_DWShip_MS_SeekFree.int"
"DeepSeek";"DLC07_DWStreets_AbsInv_MS.int";"UTF-16 LE";"30162";"OK";"C:\Users\Usuario\Documents\GitHub\dishonored-traducao-analise\DeepSeek_INT_UTF8\DLC07_DWStreets_AbsInv_MS.int"
"DeepSeek";"DLC07_GraveHound.int";"UTF-16 LE";"294";"OK";"C:\Users\Usuario\Documents\GitHub\dishonored-traducao-analise\DeepSeek_INT_UTF8\DLC07_GraveHound.int"
"DeepSeek";"DLC07_Inv_Corvo.int";"UTF-16 LE";"234";"OK";"C:\Users\Usuario\Documents\GitHub\dishonored-traducao-analise\DeepSeek_INT_UTF8\DLC07_Inv_Corvo.int"
"DeepSeek";"DLC07_Inv_Daud.int";"UTF-16 LE";"398";"OK";"C:\Users\Usuario\Documents\GitHub\dishonored-traducao-analise\DeepSeek_INT_UTF8\DLC07_Inv_Daud.int"
"DeepSeek";"DLC07_Inv_Tentacle.int";"UTF-16 LE";"218";"OK";"C:\Users\Usuario\Documents\GitHub\dishonored-traducao-analise\DeepSeek_INT_UTF8\DLC07_Inv_Tentacle.int"
"DeepSeek";"DLC07_Inv_Thug.int";"UTF-16 LE";"830";"OK";"C:\Users\Usuario\Documents\GitHub\dishonored-traducao-analise\DeepSeek_INT_UTF8\DLC07_Inv_Thug.int"
"DeepSeek";"DLC07_Inv_Witch.int";"UTF-16 LE";"238";"OK";"C:\Users\Usuario\Documents\GitHub\dishonored-traducao-analise\DeepSeek_INT_UTF8\DLC07_Inv_Witch.int"
"DeepSeek";"DLC07_MissionStats.int";"UTF-16 LE";"10670";"OK";"C:\Users\Usuario\Documents\GitHub\dishonored-traducao-analise\DeepSeek_INT_UTF8\DLC07_MissionStats.int"
"DeepSeek";"DLC07_Notes_DrapersWard.int";"UTF-16 LE";"1316";"OK";"C:\Users\Usuario\Documents\GitHub\dishonored-traducao-analise\DeepSeek_INT_UTF8\DLC07_Notes_DrapersWard.int"
"DeepSeek";"DLC07_NPCPlotSettings.int";"UTF-16 LE";"578";"OK";"C:\Users\Usuario\Documents\GitHub\dishonored-traducao-analise\DeepSeek_INT_UTF8\DLC07_NPCPlotSettings.int"
"DeepSeek";"DLC07_Pckp_CrackedBoneCharms.int";"UTF-16 LE";"248";"OK";"C:\Users\Usuario\Documents\GitHub\dishonored-traducao-analise\DeepSeek_INT_UTF8\DLC07_Pckp_CrackedBoneCharms.int"
"DeepSeek";"DLC07_Pckp_Heirlooms.int";"UTF-16 LE";"5342";"OK";"C:\Users\Usuario\Documents\GitHub\dishonored-traducao-analise\DeepSeek_INT_UTF8\DLC07_Pckp_Heirlooms.int"
"DeepSeek";"DLC07_Pwn_Civilian.int";"UTF-16 LE";"410";"OK";"C:\Users\Usuario\Documents\GitHub\dishonored-traducao-analise\DeepSeek_INT_UTF8\DLC07_Pwn_Civilian.int"
"DeepSeek";"DLC07_Pwn_Corvo.int";"UTF-16 LE";"228";"OK";"C:\Users\Usuario\Documents\GitHub\dishonored-traducao-analise\DeepSeek_INT_UTF8\DLC07_Pwn_Corvo.int"
"DeepSeek";"DLC07_Pwn_DeadPawns.int";"UTF-16 LE";"220";"OK";"C:\Users\Usuario\Documents\GitHub\dishonored-traducao-analise\DeepSeek_INT_UTF8\DLC07_Pwn_DeadPawns.int"
"DeepSeek";"DLC07_Pwn_EdgarWakefield.int";"UTF-16 LE";"286";"OK";"C:\Users\Usuario\Documents\GitHub\dishonored-traducao-analise\DeepSeek_INT_UTF8\DLC07_Pwn_EdgarWakefield.int"
"DeepSeek";"DLC07_Pwn_F_DeadEelThug.int";"UTF-16 LE";"248";"OK";"C:\Users\Usuario\Documents\GitHub\dishonored-traducao-analise\DeepSeek_INT_UTF8\DLC07_Pwn_F_DeadEelThug.int"
"DeepSeek";"DLC07_Pwn_Geezer.int";"UTF-16 LE";"250";"OK";"C:\Users\Usuario\Documents\GitHub\dishonored-traducao-analise\DeepSeek_INT_UTF8\DLC07_Pwn_Geezer.int"
"DeepSeek";"DLC07_Pwn_Gravehound.int";"UTF-16 LE";"528";"OK";"C:\Users\Usuario\Documents\GitHub\dishonored-traducao-analise\DeepSeek_INT_UTF8\DLC07_Pwn_Gravehound.int"
"DeepSeek";"DLC07_Pwn_Laborer.int";"UTF-16 LE";"726";"OK";"C:\Users\Usuario\Documents\GitHub\dishonored-traducao-analise\DeepSeek_INT_UTF8\DLC07_Pwn_Laborer.int"
"DeepSeek";"DLC07_Pwn_LizzyStride.int";"UTF-16 LE";"272";"OK";"C:\Users\Usuario\Documents\GitHub\dishonored-traducao-analise\DeepSeek_INT_UTF8\DLC07_Pwn_LizzyStride.int"
"DeepSeek";"DLC07_Pwn_MSmall_DeadEelThug.int";"UTF-16 LE";"378";"OK";"C:\Users\Usuario\Documents\GitHub\dishonored-traducao-analise\DeepSeek_INT_UTF8\DLC07_Pwn_MSmall_DeadEelThug.int"
"DeepSeek";"DLC07_Pwn_NurseTrimble.int";"UTF-16 LE";"294";"OK";"C:\Users\Usuario\Documents\GitHub\dishonored-traducao-analise\DeepSeek_INT_UTF8\DLC07_Pwn_NurseTrimble.int"
"DeepSeek";"DLC07_Pwn_Prisoner.int";"UTF-16 LE";"902";"OK";"C:\Users\Usuario\Documents\GitHub\dishonored-traducao-analise\DeepSeek_INT_UTF8\DLC07_Pwn_Prisoner.int"
"DeepSeek";"DLC07_Pwn_Tentacle.int";"UTF-16 LE";"208";"OK";"C:\Users\Usuario\Documents\GitHub\dishonored-traducao-analise\DeepSeek_INT_UTF8\DLC07_Pwn_Tentacle.int"
"DeepSeek";"DLC07_Pwn_Witch.int";"UTF-16 LE";"448";"OK";"C:\Users\Usuario\Documents\GitHub\dishonored-traducao-analise\DeepSeek_INT_UTF8\DLC07_Pwn_Witch.int"
"DeepSeek";"DLC07_Pwn_Witch_Delilah.int";"UTF-16 LE";"252";"OK";"C:\Users\Usuario\Documents\GitHub\dishonored-traducao-analise\DeepSeek_INT_UTF8\DLC07_Pwn_Witch_Delilah.int"
"DeepSeek";"DLC07_Store_SeekFree.int";"UTF-16 LE";"208";"OK";"C:\Users\Usuario\Documents\GitHub\dishonored-traducao-analise\DeepSeek_INT_UTF8\DLC07_Store_SeekFree.int"
"DeepSeek";"DLC07_Twk_Player_Daud.int";"UTF-16 LE";"8758";"OK";"C:\Users\Usuario\Documents\GitHub\dishonored-traducao-analise\DeepSeek_INT_UTF8\DLC07_Twk_Player_Daud.int"
"DeepSeek";"DLC07_Twk_Powers_Assassummon.int";"UTF-16 LE";"5912";"OK";"C:\Users\Usuario\Documents\GitHub\dishonored-traducao-analise\DeepSeek_INT_UTF8\DLC07_Twk_Powers_Assassummon.int"
"DeepSeek";"DLC07_Twk_Store.int";"UTF-16 LE";"20926";"OK";"C:\Users\Usuario\Documents\GitHub\dishonored-traducao-analise\DeepSeek_INT_UTF8\DLC07_Twk_Store.int"
"DeepSeek";"DLC07_Twk_UI.int";"UTF-16 LE";"11230";"OK";"C:\Users\Usuario\Documents\GitHub\dishonored-traducao-analise\DeepSeek_INT_UTF8\DLC07_Twk_UI.int"
"DeepSeek";"DLC07_Twk_Upgrades.int";"UTF-16 LE";"1202";"OK";"C:\Users\Usuario\Documents\GitHub\dishonored-traducao-analise\DeepSeek_INT_UTF8\DLC07_Twk_Upgrades.int"
"DeepSeek";"DLC07_usable_twk.int";"UTF-16 LE";"1604";"OK";"C:\Users\Usuario\Documents\GitHub\dishonored-traducao-analise\DeepSeek_INT_UTF8\DLC07_usable_twk.int"
"DeepSeek";"DLC07_WrittenNotes_twk.int";"UTF-16 LE";"108228";"OK";"C:\Users\Usuario\Documents\GitHub\dishonored-traducao-analise\DeepSeek_INT_UTF8\DLC07_WrittenNotes_twk.int"
"DeepSeek";"doors_transition_twk.int";"UTF-16 LE";"5298";"OK";"C:\Users\Usuario\Documents\GitHub\dishonored-traducao-analise\DeepSeek_INT_UTF8\doors_transition_twk.int"
"DeepSeek";"doors_twk.int";"UTF-16 LE";"55868";"OK";"C:\Users\Usuario\Documents\GitHub\dishonored-traducao-analise\DeepSeek_INT_UTF8\doors_twk.int"
"DeepSeek";"DropAttack_Script_MS.int";"UTF-16 LE";"5042";"OK";"C:\Users\Usuario\Documents\GitHub\dishonored-traducao-analise\DeepSeek_INT_UTF8\DropAttack_Script_MS.int"
"DeepSeek";"E3_Tweaks.int";"UTF-16 LE";"736";"OK";"C:\Users\Usuario\Documents\GitHub\dishonored-traducao-analise\DeepSeek_INT_UTF8\E3_Tweaks.int"
"DeepSeek";"ExampleGame.int";"Vazio";"0";"OK";"C:\Users\Usuario\Documents\GitHub\dishonored-traducao-analise\DeepSeek_INT_UTF8\ExampleGame.int"
"DeepSeek";"Flooded_AbstractInv_MS.int";"UTF-16 LE";"42048";"OK";"C:\Users\Usuario\Documents\GitHub\dishonored-traducao-analise\DeepSeek_INT_UTF8\Flooded_AbstractInv_MS.int"
"DeepSeek";"Flooded_Objectives.int";"UTF-16 LE";"6118";"OK";"C:\Users\Usuario\Documents\GitHub\dishonored-traducao-analise\DeepSeek_INT_UTF8\Flooded_Objectives.int"
"DeepSeek";"Flooded_Tweaks.int";"UTF-16 LE";"8202";"OK";"C:\Users\Usuario\Documents\GitHub\dishonored-traducao-analise\DeepSeek_INT_UTF8\Flooded_Tweaks.int"
"DeepSeek";"Flooded_Twk.int";"UTF-16 LE";"18926";"OK";"C:\Users\Usuario\Documents\GitHub\dishonored-traducao-analise\DeepSeek_INT_UTF8\Flooded_Twk.int"
"DeepSeek";"Galvani_MS.int";"UTF-16 LE";"436";"OK";"C:\Users\Usuario\Documents\GitHub\dishonored-traducao-analise\DeepSeek_INT_UTF8\Galvani_MS.int"
"DeepSeek";"GFxUI.int";"UTF-16 LE";"420";"OK";"C:\Users\Usuario\Documents\GitHub\dishonored-traducao-analise\DeepSeek_INT_UTF8\GFxUI.int"
"DeepSeek";"Hub_AbstInv.int";"UTF-16 LE";"33954";"OK";"C:\Users\Usuario\Documents\GitHub\dishonored-traducao-analise\DeepSeek_INT_UTF8\Hub_AbstInv.int"
"DeepSeek";"Hub_AbstractInv_MS.int";"UTF-16 LE";"930";"OK";"C:\Users\Usuario\Documents\GitHub\dishonored-traducao-analise\DeepSeek_INT_UTF8\Hub_AbstractInv_MS.int"
"DeepSeek";"Hub_FX.int";"UTF-16 LE";"556";"OK";"C:\Users\Usuario\Documents\GitHub\dishonored-traducao-analise\DeepSeek_INT_UTF8\Hub_FX.int"
"DeepSeek";"Hub_MS.int";"UTF-16 LE";"2232";"OK";"C:\Users\Usuario\Documents\GitHub\dishonored-traducao-analise\DeepSeek_INT_UTF8\Hub_MS.int"
"DeepSeek";"Hub_Twk.int";"UTF-16 LE";"13266";"OK";"C:\Users\Usuario\Documents\GitHub\dishonored-traducao-analise\DeepSeek_INT_UTF8\Hub_Twk.int"
"DeepSeek";"izerraf_LocTest.int";"UTF-16 LE";"244";"OK";"C:\Users\Usuario\Documents\GitHub\dishonored-traducao-analise\DeepSeek_INT_UTF8\izerraf_LocTest.int"
"DeepSeek";"jlake_Objectives.int";"UTF-16 LE";"980";"OK";"C:\Users\Usuario\Documents\GitHub\dishonored-traducao-analise\DeepSeek_INT_UTF8\jlake_Objectives.int"
"DeepSeek";"L_ArtDealer_Audio.int";"UTF-16 LE";"658";"OK";"C:\Users\Usuario\Documents\GitHub\dishonored-traducao-analise\DeepSeek_INT_UTF8\L_ArtDealer_Audio.int"
"DeepSeek";"L_ArtDealer_Scripts.int";"UTF-16 LE";"3316";"OK";"C:\Users\Usuario\Documents\GitHub\dishonored-traducao-analise\DeepSeek_INT_UTF8\L_ArtDealer_Scripts.int"
"DeepSeek";"L_Boyle_Ext_Audio.int";"UTF-16 LE";"1598";"OK";"C:\Users\Usuario\Documents\GitHub\dishonored-traducao-analise\DeepSeek_INT_UTF8\L_Boyle_Ext_Audio.int"
"DeepSeek";"L_Boyle_Ext_P.int";"UTF-16 LE";"5364";"OK";"C:\Users\Usuario\Documents\GitHub\dishonored-traducao-analise\DeepSeek_INT_UTF8\L_Boyle_Ext_P.int"
"DeepSeek";"L_Boyle_Ext_Script.int";"UTF-16 LE";"3582";"OK";"C:\Users\Usuario\Documents\GitHub\dishonored-traducao-analise\DeepSeek_INT_UTF8\L_Boyle_Ext_Script.int"
"DeepSeek";"L_Boyle_Int_Audio.int";"UTF-16 LE";"3320";"OK";"C:\Users\Usuario\Documents\GitHub\dishonored-traducao-analise\DeepSeek_INT_UTF8\L_Boyle_Int_Audio.int"
"DeepSeek";"L_Boyle_Int_P.int";"UTF-16 LE";"1766";"OK";"C:\Users\Usuario\Documents\GitHub\dishonored-traducao-analise\DeepSeek_INT_UTF8\L_Boyle_Int_P.int"
"DeepSeek";"L_Boyle_Int_Script.int";"UTF-16 LE";"12828";"OK";"C:\Users\Usuario\Documents\GitHub\dishonored-traducao-analise\DeepSeek_INT_UTF8\L_Boyle_Int_Script.int"
"DeepSeek";"L_BoyleStreet_Ext_Script.int";"UTF-16 LE";"4770";"OK";"C:\Users\Usuario\Documents\GitHub\dishonored-traducao-analise\DeepSeek_INT_UTF8\L_BoyleStreet_Ext_Script.int"
"DeepSeek";"L_Bridge_Part1a_Audio.int";"UTF-16 LE";"754";"OK";"C:\Users\Usuario\Documents\GitHub\dishonored-traducao-analise\DeepSeek_INT_UTF8\L_Bridge_Part1a_Audio.int"
"DeepSeek";"L_Bridge_Part1a_Script.int";"UTF-16 LE";"3138";"OK";"C:\Users\Usuario\Documents\GitHub\dishonored-traducao-analise\DeepSeek_INT_UTF8\L_Bridge_Part1a_Script.int"
"DeepSeek";"L_Bridge_Part1b_Audio.int";"UTF-16 LE";"1778";"OK";"C:\Users\Usuario\Documents\GitHub\dishonored-traducao-analise\DeepSeek_INT_UTF8\L_Bridge_Part1b_Audio.int"
"DeepSeek";"L_Bridge_Part1b_Script.int";"UTF-16 LE";"6184";"OK";"C:\Users\Usuario\Documents\GitHub\dishonored-traducao-analise\DeepSeek_INT_UTF8\L_Bridge_Part1b_Script.int"
"DeepSeek";"L_Bridge_Part1c_Audio.int";"UTF-16 LE";"326";"OK";"C:\Users\Usuario\Documents\GitHub\dishonored-traducao-analise\DeepSeek_INT_UTF8\L_Bridge_Part1c_Audio.int"
"DeepSeek";"L_Bridge_Part1c_Script.int";"UTF-16 LE";"3010";"OK";"C:\Users\Usuario\Documents\GitHub\dishonored-traducao-analise\DeepSeek_INT_UTF8\L_Bridge_Part1c_Script.int"
"DeepSeek";"L_Bridge_Part2_Audio.int";"UTF-16 LE";"1626";"OK";"C:\Users\Usuario\Documents\GitHub\dishonored-traducao-analise\DeepSeek_INT_UTF8\L_Bridge_Part2_Audio.int"
"DeepSeek";"L_Bridge_Part2_Script.int";"UTF-16 LE";"6798";"OK";"C:\Users\Usuario\Documents\GitHub\dishonored-traducao-analise\DeepSeek_INT_UTF8\L_Bridge_Part2_Script.int"
"DeepSeek";"L_Brothel_Audio.int";"UTF-16 LE";"4594";"OK";"C:\Users\Usuario\Documents\GitHub\dishonored-traducao-analise\DeepSeek_INT_UTF8\L_Brothel_Audio.int"
"DeepSeek";"L_Brothel_Script.int";"UTF-16 LE";"12300";"OK";"C:\Users\Usuario\Documents\GitHub\dishonored-traducao-analise\DeepSeek_INT_UTF8\L_Brothel_Script.int"
"DeepSeek";"L_Distillery_Audio.int";"UTF-16 LE";"738";"OK";"C:\Users\Usuario\Documents\GitHub\dishonored-traducao-analise\DeepSeek_INT_UTF8\L_Distillery_Audio.int"
"DeepSeek";"L_Distillery_Loot.int";"UTF-16 LE";"2698";"OK";"C:\Users\Usuario\Documents\GitHub\dishonored-traducao-analise\DeepSeek_INT_UTF8\L_Distillery_Loot.int"
"DeepSeek";"L_Distillery_Strt1Script.int";"UTF-16 LE";"4530";"OK";"C:\Users\Usuario\Documents\GitHub\dishonored-traducao-analise\DeepSeek_INT_UTF8\L_Distillery_Strt1Script.int"
"DeepSeek";"L_Distillery2_Audio.int";"UTF-16 LE";"738";"OK";"C:\Users\Usuario\Documents\GitHub\dishonored-traducao-analise\DeepSeek_INT_UTF8\L_Distillery2_Audio.int"
"DeepSeek";"L_Distillery2_P.int";"UTF-16 LE";"610";"OK";"C:\Users\Usuario\Documents\GitHub\dishonored-traducao-analise\DeepSeek_INT_UTF8\L_Distillery2_P.int"
"DeepSeek";"L_Distillery2_Script.int";"UTF-16 LE";"4080";"OK";"C:\Users\Usuario\Documents\GitHub\dishonored-traducao-analise\DeepSeek_INT_UTF8\L_Distillery2_Script.int"
"DeepSeek";"L_DLC05_Arena_P.INT";"UTF-16 LE";"2302";"OK";"C:\Users\Usuario\Documents\GitHub\dishonored-traducao-analise\DeepSeek_INT_UTF8\L_DLC05_Arena_P.INT"
"DeepSeek";"L_DLC05_Arena_Script.INT";"UTF-16 LE";"1798";"OK";"C:\Users\Usuario\Documents\GitHub\dishonored-traducao-analise\DeepSeek_INT_UTF8\L_DLC05_Arena_Script.INT"
"DeepSeek";"L_DLC05_ATrain_P.INT";"UTF-16 LE";"240";"OK";"C:\Users\Usuario\Documents\GitHub\dishonored-traducao-analise\DeepSeek_INT_UTF8\L_DLC05_ATrain_P.INT"
"DeepSeek";"L_DLC05_ATrain_Script.INT";"UTF-16 LE";"1586";"OK";"C:\Users\Usuario\Documents\GitHub\dishonored-traducao-analise\DeepSeek_INT_UTF8\L_DLC05_ATrain_Script.INT"
"DeepSeek";"L_DLC05_BTM_P.INT";"UTF-16 LE";"2684";"OK";"C:\Users\Usuario\Documents\GitHub\dishonored-traducao-analise\DeepSeek_INT_UTF8\L_DLC05_BTM_P.INT"
"DeepSeek";"L_DLC05_BTM_Script_01.INT";"UTF-16 LE";"6500";"OK";"C:\Users\Usuario\Documents\GitHub\dishonored-traducao-analise\DeepSeek_INT_UTF8\L_DLC05_BTM_Script_01.INT"
"DeepSeek";"L_DLC05_BTM_Script_02.INT";"UTF-16 LE";"7116";"OK";"C:\Users\Usuario\Documents\GitHub\dishonored-traducao-analise\DeepSeek_INT_UTF8\L_DLC05_BTM_Script_02.INT"
"DeepSeek";"L_DLC05_BTM_Script_03.INT";"UTF-16 LE";"7920";"OK";"C:\Users\Usuario\Documents\GitHub\dishonored-traducao-analise\DeepSeek_INT_UTF8\L_DLC05_BTM_Script_03.INT"
"DeepSeek";"L_DLC05_BTM_Script_04.INT";"UTF-16 LE";"8020";"OK";"C:\Users\Usuario\Documents\GitHub\dishonored-traducao-analise\DeepSeek_INT_UTF8\L_DLC05_BTM_Script_04.INT"
"DeepSeek";"L_DLC05_BTM_Script_05.INT";"UTF-16 LE";"8714";"OK";"C:\Users\Usuario\Documents\GitHub\dishonored-traducao-analise\DeepSeek_INT_UTF8\L_DLC05_BTM_Script_05.INT"
"DeepSeek";"L_DLC05_BTM_Script_06.INT";"UTF-16 LE";"7446";"OK";"C:\Users\Usuario\Documents\GitHub\dishonored-traducao-analise\DeepSeek_INT_UTF8\L_DLC05_BTM_Script_06.INT"
"DeepSeek";"L_DLC05_ChainKill_P.INT";"UTF-16 LE";"2246";"OK";"C:\Users\Usuario\Documents\GitHub\dishonored-traducao-analise\DeepSeek_INT_UTF8\L_DLC05_ChainKill_P.INT"
"DeepSeek";"L_DLC05_ChainKill_Phase_01.INT";"UTF-16 LE";"3626";"OK";"C:\Users\Usuario\Documents\GitHub\dishonored-traducao-analise\DeepSeek_INT_UTF8\L_DLC05_ChainKill_Phase_01.INT"
"DeepSeek";"L_DLC05_ChainKill_Phase_02.INT";"UTF-16 LE";"3956";"OK";"C:\Users\Usuario\Documents\GitHub\dishonored-traducao-analise\DeepSeek_INT_UTF8\L_DLC05_ChainKill_Phase_02.INT"
"DeepSeek";"L_DLC05_ChainKill_Phase_03.INT";"UTF-16 LE";"4956";"OK";"C:\Users\Usuario\Documents\GitHub\dishonored-traducao-analise\DeepSeek_INT_UTF8\L_DLC05_ChainKill_Phase_03.INT"
"DeepSeek";"L_DLC05_ChainKill_Phase_04.INT";"UTF-16 LE";"6108";"OK";"C:\Users\Usuario\Documents\GitHub\dishonored-traducao-analise\DeepSeek_INT_UTF8\L_DLC05_ChainKill_Phase_04.INT"
"DeepSeek";"L_DLC05_ChainKill_Phase_05.INT";"UTF-16 LE";"7772";"OK";"C:\Users\Usuario\Documents\GitHub\dishonored-traducao-analise\DeepSeek_INT_UTF8\L_DLC05_ChainKill_Phase_05.INT"
"DeepSeek";"L_DLC05_ChainKill_Phase_06.INT";"UTF-16 LE";"6648";"OK";"C:\Users\Usuario\Documents\GitHub\dishonored-traducao-analise\DeepSeek_INT_UTF8\L_DLC05_ChainKill_Phase_06.INT"
"DeepSeek";"L_DLC05_ChainKill_Script.INT";"UTF-16 LE";"3416";"OK";"C:\Users\Usuario\Documents\GitHub\dishonored-traducao-analise\DeepSeek_INT_UTF8\L_DLC05_ChainKill_Script.INT"
"DeepSeek";"L_DLC05_Cntdwn_Script.INT";"UTF-16 LE";"5760";"OK";"C:\Users\Usuario\Documents\GitHub\dishonored-traducao-analise\DeepSeek_INT_UTF8\L_DLC05_Cntdwn_Script.INT"
"DeepSeek";"L_DLC05_Countdown_P.INT";"UTF-16 LE";"240";"OK";"C:\Users\Usuario\Documents\GitHub\dishonored-traducao-analise\DeepSeek_INT_UTF8\L_DLC05_Countdown_P.INT"
"DeepSeek";"L_DLC05_DropAttack_P.INT";"UTF-16 LE";"1608";"OK";"C:\Users\Usuario\Documents\GitHub\dishonored-traducao-analise\DeepSeek_INT_UTF8\L_DLC05_DropAttack_P.INT"
"DeepSeek";"L_DLC05_DrpAtt_Env.INT";"UTF-16 LE";"386";"OK";"C:\Users\Usuario\Documents\GitHub\dishonored-traducao-analise\DeepSeek_INT_UTF8\L_DLC05_DrpAtt_Env.INT"
"DeepSeek";"L_DLC05_DrpAtt_Script.INT";"UTF-16 LE";"408";"OK";"C:\Users\Usuario\Documents\GitHub\dishonored-traducao-analise\DeepSeek_INT_UTF8\L_DLC05_DrpAtt_Script.INT"
"DeepSeek";"L_DLC05_MysteryMan_P.INT";"UTF-16 LE";"786";"OK";"C:\Users\Usuario\Documents\GitHub\dishonored-traducao-analise\DeepSeek_INT_UTF8\L_DLC05_MysteryMan_P.INT"
"DeepSeek";"L_DLC05_MystMan_Audio.INT";"UTF-16 LE";"1788";"OK";"C:\Users\Usuario\Documents\GitHub\dishonored-traducao-analise\DeepSeek_INT_UTF8\L_DLC05_MystMan_Audio.INT"
"DeepSeek";"L_DLC05_MystMan_Env.INT";"UTF-16 LE";"130";"OK";"C:\Users\Usuario\Documents\GitHub\dishonored-traducao-analise\DeepSeek_INT_UTF8\L_DLC05_MystMan_Env.INT"
"DeepSeek";"L_DLC05_MystMan_Script.INT";"UTF-16 LE";"14014";"OK";"C:\Users\Usuario\Documents\GitHub\dishonored-traducao-analise\DeepSeek_INT_UTF8\L_DLC05_MystMan_Script.INT"
"DeepSeek";"L_DLC05_OilRain_Script.INT";"UTF-16 LE";"4314";"OK";"C:\Users\Usuario\Documents\GitHub\dishonored-traducao-analise\DeepSeek_INT_UTF8\L_DLC05_OilRain_Script.INT"
"DeepSeek";"L_DLC05_Race_Script.INT";"UTF-16 LE";"4402";"OK";"C:\Users\Usuario\Documents\GitHub\dishonored-traducao-analise\DeepSeek_INT_UTF8\L_DLC05_Race_Script.INT"
"DeepSeek";"L_DLC05_Thief_Audio.INT";"UTF-16 LE";"3058";"OK";"C:\Users\Usuario\Documents\GitHub\dishonored-traducao-analise\DeepSeek_INT_UTF8\L_DLC05_Thief_Audio.INT"
"DeepSeek";"L_DLC05_Thief_P.INT";"UTF-16 LE";"956";"OK";"C:\Users\Usuario\Documents\GitHub\dishonored-traducao-analise\DeepSeek_INT_UTF8\L_DLC05_Thief_P.INT"
"DeepSeek";"L_DLC05_Thief_Script.INT";"UTF-16 LE";"18822";"OK";"C:\Users\Usuario\Documents\GitHub\dishonored-traducao-analise\DeepSeek_INT_UTF8\L_DLC05_Thief_Script.INT"
"DeepSeek";"L_DLC07_BaseIntro_Audio.INT";"UTF-16 LE";"506";"OK";"C:\Users\Usuario\Documents\GitHub\dishonored-traducao-analise\DeepSeek_INT_UTF8\L_DLC07_BaseIntro_Audio.INT"
"DeepSeek";"L_DLC07_BaseIntro_Script.INT";"UTF-16 LE";"2442";"OK";"C:\Users\Usuario\Documents\GitHub\dishonored-traducao-analise\DeepSeek_INT_UTF8\L_DLC07_BaseIntro_Script.INT"
"DeepSeek";"L_DLC07_Brig_Ext_Audio.INT";"UTF-16 LE";"128";"OK";"C:\Users\Usuario\Documents\GitHub\dishonored-traducao-analise\DeepSeek_INT_UTF8\L_DLC07_Brig_Ext_Audio.INT"
"DeepSeek";"L_DLC07_Brig_Ext_P.INT";"UTF-16 LE";"408";"OK";"C:\Users\Usuario\Documents\GitHub\dishonored-traducao-analise\DeepSeek_INT_UTF8\L_DLC07_Brig_Ext_P.INT"
"DeepSeek";"L_DLC07_Brig_Ext_Script.INT";"UTF-16 LE";"7134";"OK";"C:\Users\Usuario\Documents\GitHub\dishonored-traducao-analise\DeepSeek_INT_UTF8\L_DLC07_Brig_Ext_Script.INT"
"DeepSeek";"L_DLC07_Brig_ScriptNew.INT";"UTF-16 LE";"290";"OK";"C:\Users\Usuario\Documents\GitHub\dishonored-traducao-analise\DeepSeek_INT_UTF8\L_DLC07_Brig_ScriptNew.INT"
"DeepSeek";"L_DLC07_Brigmore_Int_Audio.INT";"UTF-16 LE";"514";"OK";"C:\Users\Usuario\Documents\GitHub\dishonored-traducao-analise\DeepSeek_INT_UTF8\L_DLC07_Brigmore_Int_Audio.INT"
"DeepSeek";"L_DLC07_Brigmore_Int_Script.INT";"UTF-16 LE";"6458";"OK";"C:\Users\Usuario\Documents\GitHub\dishonored-traducao-analise\DeepSeek_INT_UTF8\L_DLC07_Brigmore_Int_Script.INT"
"DeepSeek";"L_DLC07_Brigmore_Void_Script.INT";"UTF-16 LE";"4880";"OK";"C:\Users\Usuario\Documents\GitHub\dishonored-traducao-analise\DeepSeek_INT_UTF8\L_DLC07_Brigmore_Void_Script.INT"
"DeepSeek";"L_DLC07_Coldridge_Audio.INT";"UTF-16 LE";"1150";"OK";"C:\Users\Usuario\Documents\GitHub\dishonored-traducao-analise\DeepSeek_INT_UTF8\L_DLC07_Coldridge_Audio.INT"
"DeepSeek";"L_DLC07_Coldridge_Script.INT";"UTF-16 LE";"32720";"OK";"C:\Users\Usuario\Documents\GitHub\dishonored-traducao-analise\DeepSeek_INT_UTF8\L_DLC07_Coldridge_Script.INT"
"DeepSeek";"L_DLC07_DraperMill_Audio.INT";"UTF-16 LE";"506";"OK";"C:\Users\Usuario\Documents\GitHub\dishonored-traducao-analise\DeepSeek_INT_UTF8\L_DLC07_DraperMill_Audio.INT"
"DeepSeek";"L_DLC07_DraperMill_P.INT";"UTF-16 LE";"1362";"OK";"C:\Users\Usuario\Documents\GitHub\dishonored-traducao-analise\DeepSeek_INT_UTF8\L_DLC07_DraperMill_P.INT"
"DeepSeek";"L_DLC07_DraperMill_Script.INT";"UTF-16 LE";"15198";"OK";"C:\Users\Usuario\Documents\GitHub\dishonored-traducao-analise\DeepSeek_INT_UTF8\L_DLC07_DraperMill_Script.INT"
"DeepSeek";"L_DLC07_DraperSewer_Audio.INT";"UTF-16 LE";"380";"OK";"C:\Users\Usuario\Documents\GitHub\dishonored-traducao-analise\DeepSeek_INT_UTF8\L_DLC07_DraperSewer_Audio.INT"
"DeepSeek";"L_DLC07_DraperSewer_Script.INT";"UTF-16 LE";"2028";"OK";"C:\Users\Usuario\Documents\GitHub\dishonored-traducao-analise\DeepSeek_INT_UTF8\L_DLC07_DraperSewer_Script.INT"
"DeepSeek";"L_DLC07_DraperSewers_P.INT";"UTF-16 LE";"2588";"OK";"C:\Users\Usuario\Documents\GitHub\dishonored-traducao-analise\DeepSeek_INT_UTF8\L_DLC07_DraperSewers_P.INT"
"DeepSeek";"L_DLC07_DraperShip_Loot.INT";"UTF-16 LE";"534";"OK";"C:\Users\Usuario\Documents\GitHub\dishonored-traducao-analise\DeepSeek_INT_UTF8\L_DLC07_DraperShip_Loot.INT"
"DeepSeek";"L_DLC07_DraperShip_P.INT";"UTF-16 LE";"1370";"OK";"C:\Users\Usuario\Documents\GitHub\dishonored-traducao-analise\DeepSeek_INT_UTF8\L_DLC07_DraperShip_P.INT"
"DeepSeek";"L_DLC07_DraperShip_Script.INT";"UTF-16 LE";"6572";"OK";"C:\Users\Usuario\Documents\GitHub\dishonored-traducao-analise\DeepSeek_INT_UTF8\L_DLC07_DraperShip_Script.INT"
"DeepSeek";"L_DLC07_DraperStreets_Audio.INT";"UTF-16 LE";"380";"OK";"C:\Users\Usuario\Documents\GitHub\dishonored-traducao-analise\DeepSeek_INT_UTF8\L_DLC07_DraperStreets_Audio.INT"
"DeepSeek";"L_DLC07_DraperStreets_Loot.INT";"UTF-16 LE";"1366";"OK";"C:\Users\Usuario\Documents\GitHub\dishonored-traducao-analise\DeepSeek_INT_UTF8\L_DLC07_DraperStreets_Loot.INT"
"DeepSeek";"L_DLC07_DraperStreets_P.INT";"UTF-16 LE";"1340";"OK";"C:\Users\Usuario\Documents\GitHub\dishonored-traducao-analise\DeepSeek_INT_UTF8\L_DLC07_DraperStreets_P.INT"
"DeepSeek";"L_DLC07_DraperStreets_Script.INT";"UTF-16 LE";"11544";"OK";"C:\Users\Usuario\Documents\GitHub\dishonored-traducao-analise\DeepSeek_INT_UTF8\L_DLC07_DraperStreets_Script.INT"
"DeepSeek";"L_DLC07_Endgame_Script.INT";"UTF-16 LE";"424";"OK";"C:\Users\Usuario\Documents\GitHub\dishonored-traducao-analise\DeepSeek_INT_UTF8\L_DLC07_Endgame_Script.INT"
"DeepSeek";"L_Flooded_FAssassins_Audio.int";"UTF-16 LE";"714";"OK";"C:\Users\Usuario\Documents\GitHub\dishonored-traducao-analise\DeepSeek_INT_UTF8\L_Flooded_FAssassins_Audio.int"
"DeepSeek";"L_Flooded_FAssassins_P.int";"UTF-16 LE";"916";"OK";"C:\Users\Usuario\Documents\GitHub\dishonored-traducao-analise\DeepSeek_INT_UTF8\L_Flooded_FAssassins_P.int"
"DeepSeek";"L_Flooded_FAssassins_Script.int";"UTF-16 LE";"4286";"OK";"C:\Users\Usuario\Documents\GitHub\dishonored-traducao-analise\DeepSeek_INT_UTF8\L_Flooded_FAssassins_Script.int"
"DeepSeek";"L_Flooded_FGate_Audio.int";"UTF-16 LE";"3040";"OK";"C:\Users\Usuario\Documents\GitHub\dishonored-traducao-analise\DeepSeek_INT_UTF8\L_Flooded_FGate_Audio.int"
"DeepSeek";"L_Flooded_FGate_P.int";"UTF-16 LE";"1190";"OK";"C:\Users\Usuario\Documents\GitHub\dishonored-traducao-analise\DeepSeek_INT_UTF8\L_Flooded_FGate_P.int"
"DeepSeek";"L_Flooded_FGate_Script.int";"UTF-16 LE";"5548";"OK";"C:\Users\Usuario\Documents\GitHub\dishonored-traducao-analise\DeepSeek_INT_UTF8\L_Flooded_FGate_Script.int"
"DeepSeek";"L_Flooded_FRefinery_Audio.int";"UTF-16 LE";"326";"OK";"C:\Users\Usuario\Documents\GitHub\dishonored-traducao-analise\DeepSeek_INT_UTF8\L_Flooded_FRefinery_Audio.int"
"DeepSeek";"L_Flooded_FRefinery_Intro.int";"UTF-16 LE";"296";"OK";"C:\Users\Usuario\Documents\GitHub\dishonored-traducao-analise\DeepSeek_INT_UTF8\L_Flooded_FRefinery_Intro.int"
"DeepSeek";"L_Flooded_FRefinery_P.int";"UTF-16 LE";"1016";"OK";"C:\Users\Usuario\Documents\GitHub\dishonored-traducao-analise\DeepSeek_INT_UTF8\L_Flooded_FRefinery_P.int"
"DeepSeek";"L_Flooded_FRefinery_Script.int";"UTF-16 LE";"2102";"OK";"C:\Users\Usuario\Documents\GitHub\dishonored-traducao-analise\DeepSeek_INT_UTF8\L_Flooded_FRefinery_Script.int"
"DeepSeek";"L_Flooded_FStreets_P.int";"UTF-16 LE";"1440";"OK";"C:\Users\Usuario\Documents\GitHub\dishonored-traducao-analise\DeepSeek_INT_UTF8\L_Flooded_FStreets_P.int"
"DeepSeek";"L_Flooded_FStreets_Script.int";"UTF-16 LE";"1992";"OK";"C:\Users\Usuario\Documents\GitHub\dishonored-traducao-analise\DeepSeek_INT_UTF8\L_Flooded_FStreets_Script.int"
"DeepSeek";"L_Galvani1_Audio.int";"UTF-16 LE";"2860";"OK";"C:\Users\Usuario\Documents\GitHub\dishonored-traducao-analise\DeepSeek_INT_UTF8\L_Galvani1_Audio.int"
"DeepSeek";"L_Galvani1_Scripts.int";"UTF-16 LE";"2778";"OK";"C:\Users\Usuario\Documents\GitHub\dishonored-traducao-analise\DeepSeek_INT_UTF8\L_Galvani1_Scripts.int"
"DeepSeek";"L_Galvani1_Strt1_Scripts.int";"UTF-16 LE";"620";"OK";"C:\Users\Usuario\Documents\GitHub\dishonored-traducao-analise\DeepSeek_INT_UTF8\L_Galvani1_Strt1_Scripts.int"
"DeepSeek";"L_Galvani1_Strt2_Scripts.int";"UTF-16 LE";"1406";"OK";"C:\Users\Usuario\Documents\GitHub\dishonored-traducao-analise\DeepSeek_INT_UTF8\L_Galvani1_Strt2_Scripts.int"
"DeepSeek";"L_Isl_Audio_Master.int";"UTF-16 LE";"402";"OK";"C:\Users\Usuario\Documents\GitHub\dishonored-traducao-analise\DeepSeek_INT_UTF8\L_Isl_Audio_Master.int"
"DeepSeek";"L_Isl_Audio_Slave.int";"UTF-16 LE";"402";"OK";"C:\Users\Usuario\Documents\GitHub\dishonored-traducao-analise\DeepSeek_INT_UTF8\L_Isl_Audio_Slave.int"
"DeepSeek";"L_Isl_Common_Master.int";"UTF-16 LE";"3888";"OK";"C:\Users\Usuario\Documents\GitHub\dishonored-traducao-analise\DeepSeek_INT_UTF8\L_Isl_Common_Master.int"
"DeepSeek";"L_Isl_Common_Slave.int";"UTF-16 LE";"3888";"OK";"C:\Users\Usuario\Documents\GitHub\dishonored-traducao-analise\DeepSeek_INT_UTF8\L_Isl_Common_Slave.int"
"DeepSeek";"L_Isl_Geom_Master.int";"UTF-16 LE";"650";"OK";"C:\Users\Usuario\Documents\GitHub\dishonored-traducao-analise\DeepSeek_INT_UTF8\L_Isl_Geom_Master.int"
"DeepSeek";"L_Isl_Geom_Slave.int";"UTF-16 LE";"650";"OK";"C:\Users\Usuario\Documents\GitHub\dishonored-traducao-analise\DeepSeek_INT_UTF8\L_Isl_Geom_Slave.int"
"DeepSeek";"L_Isl_HighChaos_Script.int";"UTF-16 LE";"1318";"OK";"C:\Users\Usuario\Documents\GitHub\dishonored-traducao-analise\DeepSeek_INT_UTF8\L_Isl_HighChaos_Script.int"
"DeepSeek";"L_Isl_LowChaos_Script.int";"UTF-16 LE";"318";"OK";"C:\Users\Usuario\Documents\GitHub\dishonored-traducao-analise\DeepSeek_INT_UTF8\L_Isl_LowChaos_Script.int"
"DeepSeek";"L_Isl_Script_Master.int";"UTF-16 LE";"5722";"OK";"C:\Users\Usuario\Documents\GitHub\dishonored-traducao-analise\DeepSeek_INT_UTF8\L_Isl_Script_Master.int"
"DeepSeek";"L_Isl_Script_Slave.int";"UTF-16 LE";"5760";"OK";"C:\Users\Usuario\Documents\GitHub\dishonored-traducao-analise\DeepSeek_INT_UTF8\L_Isl_Script_Slave.int"
"DeepSeek";"L_LightH_Audio_Master.int";"UTF-16 LE";"326";"OK";"C:\Users\Usuario\Documents\GitHub\dishonored-traducao-analise\DeepSeek_INT_UTF8\L_LightH_Audio_Master.int"
"DeepSeek";"L_LightH_Audio_Slave.int";"UTF-16 LE";"326";"OK";"C:\Users\Usuario\Documents\GitHub\dishonored-traducao-analise\DeepSeek_INT_UTF8\L_LightH_Audio_Slave.int"
"DeepSeek";"L_LightH_HighChaos_Script.int";"UTF-16 LE";"1964";"OK";"C:\Users\Usuario\Documents\GitHub\dishonored-traducao-analise\DeepSeek_INT_UTF8\L_LightH_HighChaos_Script.int"
"DeepSeek";"L_LightH_LowChaos_Script.int";"UTF-16 LE";"1510";"OK";"C:\Users\Usuario\Documents\GitHub\dishonored-traducao-analise\DeepSeek_INT_UTF8\L_LightH_LowChaos_Script.int"
"DeepSeek";"L_LightH_Script_Master.int";"UTF-16 LE";"1336";"OK";"C:\Users\Usuario\Documents\GitHub\dishonored-traducao-analise\DeepSeek_INT_UTF8\L_LightH_Script_Master.int"
"DeepSeek";"L_LightH_Script_Slave.int";"UTF-16 LE";"1336";"OK";"C:\Users\Usuario\Documents\GitHub\dishonored-traducao-analise\DeepSeek_INT_UTF8\L_LightH_Script_Slave.int"
"DeepSeek";"L_OutsiderDream_P.int";"UTF-16 LE";"164";"OK";"C:\Users\Usuario\Documents\GitHub\dishonored-traducao-analise\DeepSeek_INT_UTF8\L_OutsiderDream_P.int"
"DeepSeek";"L_OutsiderDream_Script.int";"UTF-16 LE";"5064";"OK";"C:\Users\Usuario\Documents\GitHub\dishonored-traducao-analise\DeepSeek_INT_UTF8\L_OutsiderDream_Script.int"
"DeepSeek";"L_Ovrsr_Audio.int";"UTF-16 LE";"3654";"OK";"C:\Users\Usuario\Documents\GitHub\dishonored-traducao-analise\DeepSeek_INT_UTF8\L_Ovrsr_Audio.int"
"DeepSeek";"L_Ovrsr_Back_Audio.int";"UTF-16 LE";"1148";"OK";"C:\Users\Usuario\Documents\GitHub\dishonored-traducao-analise\DeepSeek_INT_UTF8\L_Ovrsr_Back_Audio.int"
"DeepSeek";"L_Ovrsr_Back_Script.int";"UTF-16 LE";"10870";"OK";"C:\Users\Usuario\Documents\GitHub\dishonored-traducao-analise\DeepSeek_INT_UTF8\L_Ovrsr_Back_Script.int"
"DeepSeek";"L_Ovrsr_Kennel_Audio.int";"UTF-16 LE";"1516";"OK";"C:\Users\Usuario\Documents\GitHub\dishonored-traducao-analise\DeepSeek_INT_UTF8\L_Ovrsr_Kennel_Audio.int"
"DeepSeek";"L_Ovrsr_Kennel_Script.int";"UTF-16 LE";"7902";"OK";"C:\Users\Usuario\Documents\GitHub\dishonored-traducao-analise\DeepSeek_INT_UTF8\L_Ovrsr_Kennel_Script.int"
"DeepSeek";"L_Ovrsr_ReturnPath.int";"UTF-16 LE";"650";"OK";"C:\Users\Usuario\Documents\GitHub\dishonored-traducao-analise\DeepSeek_INT_UTF8\L_Ovrsr_ReturnPath.int"
"DeepSeek";"L_Ovrsr_Script.int";"UTF-16 LE";"19920";"OK";"C:\Users\Usuario\Documents\GitHub\dishonored-traducao-analise\DeepSeek_INT_UTF8\L_Ovrsr_Script.int"
"DeepSeek";"L_Prison_Audio.int";"UTF-16 LE";"1444";"OK";"C:\Users\Usuario\Documents\GitHub\dishonored-traducao-analise\DeepSeek_INT_UTF8\L_Prison_Audio.int"
"DeepSeek";"L_Prison_P.int";"UTF-16 LE";"164";"OK";"C:\Users\Usuario\Documents\GitHub\dishonored-traducao-analise\DeepSeek_INT_UTF8\L_Prison_P.int"
"DeepSeek";"L_Prison_Script.int";"UTF-16 LE";"23794";"OK";"C:\Users\Usuario\Documents\GitHub\dishonored-traducao-analise\DeepSeek_INT_UTF8\L_Prison_Script.int"
"DeepSeek";"L_PrsnSewer_geo.int";"UTF-16 LE";"650";"OK";"C:\Users\Usuario\Documents\GitHub\dishonored-traducao-analise\DeepSeek_INT_UTF8\L_PrsnSewer_geo.int"
"DeepSeek";"L_PrsnSewer_P.int";"UTF-16 LE";"458";"OK";"C:\Users\Usuario\Documents\GitHub\dishonored-traducao-analise\DeepSeek_INT_UTF8\L_PrsnSewer_P.int"
"DeepSeek";"L_PrsnSewer_RatScene.int";"UTF-16 LE";"326";"OK";"C:\Users\Usuario\Documents\GitHub\dishonored-traducao-analise\DeepSeek_INT_UTF8\L_PrsnSewer_RatScene.int"
"DeepSeek";"L_PrsnSewer_Script.int";"UTF-16 LE";"4052";"OK";"C:\Users\Usuario\Documents\GitHub\dishonored-traducao-analise\DeepSeek_INT_UTF8\L_PrsnSewer_Script.int"
"DeepSeek";"L_Pub_Assault_Env.int";"UTF-16 LE";"222";"OK";"C:\Users\Usuario\Documents\GitHub\dishonored-traducao-analise\DeepSeek_INT_UTF8\L_Pub_Assault_Env.int"
"DeepSeek";"L_Pub_Day_Audio.int";"UTF-16 LE";"4662";"OK";"C:\Users\Usuario\Documents\GitHub\dishonored-traducao-analise\DeepSeek_INT_UTF8\L_Pub_Day_Audio.int"
"DeepSeek";"L_Pub_Day_Env.int";"UTF-16 LE";"384";"OK";"C:\Users\Usuario\Documents\GitHub\dishonored-traducao-analise\DeepSeek_INT_UTF8\L_Pub_Day_Env.int"
"DeepSeek";"L_Pub_Dusk_Audio.int";"UTF-16 LE";"4634";"OK";"C:\Users\Usuario\Documents\GitHub\dishonored-traducao-analise\DeepSeek_INT_UTF8\L_Pub_Dusk_Audio.int"
"DeepSeek";"L_Pub_Dusk_Env.int";"UTF-16 LE";"384";"OK";"C:\Users\Usuario\Documents\GitHub\dishonored-traducao-analise\DeepSeek_INT_UTF8\L_Pub_Dusk_Env.int"
"DeepSeek";"L_Pub_Dusk_P.int";"UTF-16 LE";"284";"OK";"C:\Users\Usuario\Documents\GitHub\dishonored-traducao-analise\DeepSeek_INT_UTF8\L_Pub_Dusk_P.int"
"DeepSeek";"L_Pub_FromBoyle_Script.int";"UTF-16 LE";"2660";"OK";"C:\Users\Usuario\Documents\GitHub\dishonored-traducao-analise\DeepSeek_INT_UTF8\L_Pub_FromBoyle_Script.int"
"DeepSeek";"L_Pub_FromBridge_Script.int";"UTF-16 LE";"1592";"OK";"C:\Users\Usuario\Documents\GitHub\dishonored-traducao-analise\DeepSeek_INT_UTF8\L_Pub_FromBridge_Script.int"
"DeepSeek";"L_Pub_FromBridge_Script_Sleep.int";"UTF-16 LE";"1562";"OK";"C:\Users\Usuario\Documents\GitHub\dishonored-traducao-analise\DeepSeek_INT_UTF8\L_Pub_FromBridge_Script_Sleep.int"
"DeepSeek";"L_Pub_FromBrothel_Script.int";"UTF-16 LE";"1898";"OK";"C:\Users\Usuario\Documents\GitHub\dishonored-traducao-analise\DeepSeek_INT_UTF8\L_Pub_FromBrothel_Script.int"
"DeepSeek";"L_Pub_FromFlooded_Script.int";"UTF-16 LE";"13620";"OK";"C:\Users\Usuario\Documents\GitHub\dishonored-traducao-analise\DeepSeek_INT_UTF8\L_Pub_FromFlooded_Script.int"
"DeepSeek";"L_Pub_FromOvrsr_Script.int";"UTF-16 LE";"2280";"OK";"C:\Users\Usuario\Documents\GitHub\dishonored-traducao-analise\DeepSeek_INT_UTF8\L_Pub_FromOvrsr_Script.int"
"DeepSeek";"L_Pub_FromOvrsr_Script_Sleep.int";"UTF-16 LE";"6714";"OK";"C:\Users\Usuario\Documents\GitHub\dishonored-traducao-analise\DeepSeek_INT_UTF8\L_Pub_FromOvrsr_Script_Sleep.int"
"DeepSeek";"L_Pub_FromPrison_Script.int";"UTF-16 LE";"9464";"OK";"C:\Users\Usuario\Documents\GitHub\dishonored-traducao-analise\DeepSeek_INT_UTF8\L_Pub_FromPrison_Script.int"
"DeepSeek";"L_Pub_FromPrison_Script_Sleep.int";"UTF-16 LE";"1884";"OK";"C:\Users\Usuario\Documents\GitHub\dishonored-traducao-analise\DeepSeek_INT_UTF8\L_Pub_FromPrison_Script_Sleep.int"
"DeepSeek";"L_Pub_FromTwrReturn_Script.int";"UTF-16 LE";"1416";"OK";"C:\Users\Usuario\Documents\GitHub\dishonored-traducao-analise\DeepSeek_INT_UTF8\L_Pub_FromTwrReturn_Script.int"
"DeepSeek";"L_Pub_Morning_Audio.int";"UTF-16 LE";"3932";"OK";"C:\Users\Usuario\Documents\GitHub\dishonored-traducao-analise\DeepSeek_INT_UTF8\L_Pub_Morning_Audio.int"
"DeepSeek";"L_Pub_Morning_Env.int";"UTF-16 LE";"384";"OK";"C:\Users\Usuario\Documents\GitHub\dishonored-traducao-analise\DeepSeek_INT_UTF8\L_Pub_Morning_Env.int"
"DeepSeek";"L_Pub_Morning_P.int";"UTF-16 LE";"272";"OK";"C:\Users\Usuario\Documents\GitHub\dishonored-traducao-analise\DeepSeek_INT_UTF8\L_Pub_Morning_P.int"
"DeepSeek";"L_Pub_Night_Audio.int";"UTF-16 LE";"4452";"OK";"C:\Users\Usuario\Documents\GitHub\dishonored-traducao-analise\DeepSeek_INT_UTF8\L_Pub_Night_Audio.int"
"DeepSeek";"L_Pub_Night_Env.int";"UTF-16 LE";"384";"OK";"C:\Users\Usuario\Documents\GitHub\dishonored-traducao-analise\DeepSeek_INT_UTF8\L_Pub_Night_Env.int"
"DeepSeek";"L_Streets1_Audio.int";"UTF-16 LE";"416";"OK";"C:\Users\Usuario\Documents\GitHub\dishonored-traducao-analise\DeepSeek_INT_UTF8\L_Streets1_Audio.int"
"DeepSeek";"L_Streets1_P.int";"UTF-16 LE";"426";"OK";"C:\Users\Usuario\Documents\GitHub\dishonored-traducao-analise\DeepSeek_INT_UTF8\L_Streets1_P.int"
"DeepSeek";"L_Streets1_Script.int";"UTF-16 LE";"11250";"OK";"C:\Users\Usuario\Documents\GitHub\dishonored-traducao-analise\DeepSeek_INT_UTF8\L_Streets1_Script.int"
"DeepSeek";"L_Streets2_Audio.int";"UTF-16 LE";"266";"OK";"C:\Users\Usuario\Documents\GitHub\dishonored-traducao-analise\DeepSeek_INT_UTF8\L_Streets2_Audio.int"
"DeepSeek";"L_Streets2_P.int";"UTF-16 LE";"242";"OK";"C:\Users\Usuario\Documents\GitHub\dishonored-traducao-analise\DeepSeek_INT_UTF8\L_Streets2_P.int"
"DeepSeek";"L_Streets2_Script.int";"UTF-16 LE";"10246";"OK";"C:\Users\Usuario\Documents\GitHub\dishonored-traducao-analise\DeepSeek_INT_UTF8\L_Streets2_Script.int"
"DeepSeek";"L_Streetsewer_Audio.int";"UTF-16 LE";"256";"OK";"C:\Users\Usuario\Documents\GitHub\dishonored-traducao-analise\DeepSeek_INT_UTF8\L_Streetsewer_Audio.int"
"DeepSeek";"L_Streetsewer_P.int";"UTF-16 LE";"450";"OK";"C:\Users\Usuario\Documents\GitHub\dishonored-traducao-analise\DeepSeek_INT_UTF8\L_Streetsewer_P.int"
"DeepSeek";"L_Streetsewer_Script.int";"UTF-16 LE";"13750";"OK";"C:\Users\Usuario\Documents\GitHub\dishonored-traducao-analise\DeepSeek_INT_UTF8\L_Streetsewer_Script.int"
"DeepSeek";"L_Tower_Script.int";"UTF-16 LE";"9480";"OK";"C:\Users\Usuario\Documents\GitHub\dishonored-traducao-analise\DeepSeek_INT_UTF8\L_Tower_Script.int"
"DeepSeek";"L_TowerRtrn_Int_Audio.int";"UTF-16 LE";"6152";"OK";"C:\Users\Usuario\Documents\GitHub\dishonored-traducao-analise\DeepSeek_INT_UTF8\L_TowerRtrn_Int_Audio.int"
"DeepSeek";"L_TowerRtrn_Int_Script.int";"UTF-16 LE";"12164";"OK";"C:\Users\Usuario\Documents\GitHub\dishonored-traducao-analise\DeepSeek_INT_UTF8\L_TowerRtrn_Int_Script.int"
"DeepSeek";"L_TowerRtrn_Yard_Audio.int";"UTF-16 LE";"1714";"OK";"C:\Users\Usuario\Documents\GitHub\dishonored-traducao-analise\DeepSeek_INT_UTF8\L_TowerRtrn_Yard_Audio.int"
"DeepSeek";"L_TowerRtrn_Yard_P.int";"UTF-16 LE";"502";"OK";"C:\Users\Usuario\Documents\GitHub\dishonored-traducao-analise\DeepSeek_INT_UTF8\L_TowerRtrn_Yard_P.int"
"DeepSeek";"L_TowerRtrn_Yard_Roof_Script.int";"UTF-16 LE";"970";"OK";"C:\Users\Usuario\Documents\GitHub\dishonored-traducao-analise\DeepSeek_INT_UTF8\L_TowerRtrn_Yard_Roof_Script.int"
"DeepSeek";"L_TowerRtrn_Yard_Script.int";"UTF-16 LE";"3234";"OK";"C:\Users\Usuario\Documents\GitHub\dishonored-traducao-analise\DeepSeek_INT_UTF8\L_TowerRtrn_Yard_Script.int"
"DeepSeek";"Lighthouse_Island_MS.int";"UTF-16 LE";"9768";"OK";"C:\Users\Usuario\Documents\GitHub\dishonored-traducao-analise\DeepSeek_INT_UTF8\Lighthouse_Island_MS.int"
"DeepSeek";"Lighthouse_Objectives.int";"UTF-16 LE";"3950";"OK";"C:\Users\Usuario\Documents\GitHub\dishonored-traducao-analise\DeepSeek_INT_UTF8\Lighthouse_Objectives.int"
"DeepSeek";"Lighthouse_Tweaks.int";"UTF-16 LE";"7334";"OK";"C:\Users\Usuario\Documents\GitHub\dishonored-traducao-analise\DeepSeek_INT_UTF8\Lighthouse_Tweaks.int"
"DeepSeek";"Lighthouse_Twk.int";"UTF-16 LE";"4232";"OK";"C:\Users\Usuario\Documents\GitHub\dishonored-traducao-analise\DeepSeek_INT_UTF8\Lighthouse_Twk.int"
"DeepSeek";"LocationMaps_Assets.int";"UTF-16 LE";"9614";"OK";"C:\Users\Usuario\Documents\GitHub\dishonored-traducao-analise\DeepSeek_INT_UTF8\LocationMaps_Assets.int"
"DeepSeek";"Money_twk.int";"UTF-16 LE";"74530";"OK";"C:\Users\Usuario\Documents\GitHub\dishonored-traducao-analise\DeepSeek_INT_UTF8\Money_twk.int"
"DeepSeek";"Money_twk_Abs.int";"UTF-16 LE";"294";"OK";"C:\Users\Usuario\Documents\GitHub\dishonored-traducao-analise\DeepSeek_INT_UTF8\Money_twk_Abs.int"
"DeepSeek";"movable_twk.int";"UTF-16 LE";"59046";"OK";"C:\Users\Usuario\Documents\GitHub\dishonored-traducao-analise\DeepSeek_INT_UTF8\movable_twk.int"
"DeepSeek";"MovableLimb_Interact_twk.int";"UTF-16 LE";"430";"OK";"C:\Users\Usuario\Documents\GitHub\dishonored-traducao-analise\DeepSeek_INT_UTF8\MovableLimb_Interact_twk.int"
"DeepSeek";"MysteryMan_MS.int";"UTF-16 LE";"14524";"OK";"C:\Users\Usuario\Documents\GitHub\dishonored-traducao-analise\DeepSeek_INT_UTF8\MysteryMan_MS.int"
"DeepSeek";"OilRain_MS.int";"UTF-16 LE";"6334";"OK";"C:\Users\Usuario\Documents\GitHub\dishonored-traducao-analise\DeepSeek_INT_UTF8\OilRain_MS.int"
"DeepSeek";"OutsiderDream_Objectives.int";"UTF-16 LE";"1216";"OK";"C:\Users\Usuario\Documents\GitHub\dishonored-traducao-analise\DeepSeek_INT_UTF8\OutsiderDream_Objectives.int"
"DeepSeek";"OutsiderShrine_twk.int";"UTF-16 LE";"486";"OK";"C:\Users\Usuario\Documents\GitHub\dishonored-traducao-analise\DeepSeek_INT_UTF8\OutsiderShrine_twk.int"
"DeepSeek";"Overseer_DesignTemp.int";"UTF-16 LE";"1940";"OK";"C:\Users\Usuario\Documents\GitHub\dishonored-traducao-analise\DeepSeek_INT_UTF8\Overseer_DesignTemp.int"
"DeepSeek";"Overseer_MS.int";"UTF-16 LE";"1402";"OK";"C:\Users\Usuario\Documents\GitHub\dishonored-traducao-analise\DeepSeek_INT_UTF8\Overseer_MS.int"
"DeepSeek";"Overseer_Twk.int";"UTF-16 LE";"37420";"OK";"C:\Users\Usuario\Documents\GitHub\dishonored-traducao-analise\DeepSeek_INT_UTF8\Overseer_Twk.int"
"DeepSeek";"Ovrsr_AbstractInv_Assets.int";"UTF-16 LE";"7290";"OK";"C:\Users\Usuario\Documents\GitHub\dishonored-traducao-analise\DeepSeek_INT_UTF8\Ovrsr_AbstractInv_Assets.int"
"DeepSeek";"Ovrsr_AbstractInv_MS.int";"UTF-16 LE";"55566";"OK";"C:\Users\Usuario\Documents\GitHub\dishonored-traducao-analise\DeepSeek_INT_UTF8\Ovrsr_AbstractInv_MS.int"
"DeepSeek";"Ovrsr_Objectives.int";"UTF-16 LE";"8346";"OK";"C:\Users\Usuario\Documents\GitHub\dishonored-traducao-analise\DeepSeek_INT_UTF8\Ovrsr_Objectives.int"
"DeepSeek";"PASpeaker_twk.int";"UTF-16 LE";"394";"OK";"C:\Users\Usuario\Documents\GitHub\dishonored-traducao-analise\DeepSeek_INT_UTF8\PASpeaker_twk.int"
"DeepSeek";"Pawn_FighterCiv_MTall_1.int";"UTF-16 LE";"762";"OK";"C:\Users\Usuario\Documents\GitHub\dishonored-traducao-analise\DeepSeek_INT_UTF8\Pawn_FighterCiv_MTall_1.int"
"DeepSeek";"Pickups_twk.int";"UTF-16 LE";"50714";"OK";"C:\Users\Usuario\Documents\GitHub\dishonored-traducao-analise\DeepSeek_INT_UTF8\Pickups_twk.int"
"DeepSeek";"Pickups_twk_Keys.int";"UTF-16 LE";"5174";"OK";"C:\Users\Usuario\Documents\GitHub\dishonored-traducao-analise\DeepSeek_INT_UTF8\Pickups_twk_Keys.int"
"DeepSeek";"Prison_AbstractInv_Assets.int";"UTF-16 LE";"1590";"OK";"C:\Users\Usuario\Documents\GitHub\dishonored-traducao-analise\DeepSeek_INT_UTF8\Prison_AbstractInv_Assets.int"
"DeepSeek";"Prison_AbstractInv_MS.int";"UTF-16 LE";"1832";"OK";"C:\Users\Usuario\Documents\GitHub\dishonored-traducao-analise\DeepSeek_INT_UTF8\Prison_AbstractInv_MS.int"
"DeepSeek";"Prison_MS.int";"UTF-16 LE";"5966";"OK";"C:\Users\Usuario\Documents\GitHub\dishonored-traducao-analise\DeepSeek_INT_UTF8\Prison_MS.int"
"DeepSeek";"Prison_Objectives.int";"UTF-16 LE";"6640";"OK";"C:\Users\Usuario\Documents\GitHub\dishonored-traducao-analise\DeepSeek_INT_UTF8\Prison_Objectives.int"
"DeepSeek";"PrsnSewer_Twk.int";"UTF-16 LE";"4408";"OK";"C:\Users\Usuario\Documents\GitHub\dishonored-traducao-analise\DeepSeek_INT_UTF8\PrsnSewer_Twk.int"
"DeepSeek";"Pub_Objectives.int";"UTF-16 LE";"22134";"OK";"C:\Users\Usuario\Documents\GitHub\dishonored-traducao-analise\DeepSeek_INT_UTF8\Pub_Objectives.int"
"DeepSeek";"Pwn_Aristo_F_1.int";"UTF-16 LE";"724";"OK";"C:\Users\Usuario\Documents\GitHub\dishonored-traducao-analise\DeepSeek_INT_UTF8\Pwn_Aristo_F_1.int"
"DeepSeek";"Pwn_Aristo_F_1_Mask1.int";"UTF-16 LE";"748";"OK";"C:\Users\Usuario\Documents\GitHub\dishonored-traducao-analise\DeepSeek_INT_UTF8\Pwn_Aristo_F_1_Mask1.int"
"DeepSeek";"Pwn_Aristo_F_2.int";"UTF-16 LE";"724";"OK";"C:\Users\Usuario\Documents\GitHub\dishonored-traducao-analise\DeepSeek_INT_UTF8\Pwn_Aristo_F_2.int"
"DeepSeek";"Pwn_Aristo_F_3.int";"UTF-16 LE";"724";"OK";"C:\Users\Usuario\Documents\GitHub\dishonored-traducao-analise\DeepSeek_INT_UTF8\Pwn_Aristo_F_3.int"
"DeepSeek";"Pwn_Aristo_F_4.int";"UTF-16 LE";"724";"OK";"C:\Users\Usuario\Documents\GitHub\dishonored-traducao-analise\DeepSeek_INT_UTF8\Pwn_Aristo_F_4.int"
"DeepSeek";"Pwn_Aristo_MTall_1.int";"UTF-16 LE";"740";"OK";"C:\Users\Usuario\Documents\GitHub\dishonored-traducao-analise\DeepSeek_INT_UTF8\Pwn_Aristo_MTall_1.int"
"DeepSeek";"Pwn_Aristo_MTall_1_Mask1.int";"UTF-16 LE";"796";"OK";"C:\Users\Usuario\Documents\GitHub\dishonored-traducao-analise\DeepSeek_INT_UTF8\Pwn_Aristo_MTall_1_Mask1.int"
"DeepSeek";"Pwn_Aristo_MTall_2.int";"UTF-16 LE";"740";"OK";"C:\Users\Usuario\Documents\GitHub\dishonored-traducao-analise\DeepSeek_INT_UTF8\Pwn_Aristo_MTall_2.int"
"DeepSeek";"Pwn_Aristo_MTall_3.int";"UTF-16 LE";"740";"OK";"C:\Users\Usuario\Documents\GitHub\dishonored-traducao-analise\DeepSeek_INT_UTF8\Pwn_Aristo_MTall_3.int"
"DeepSeek";"Pwn_Aristo_MTall_4.int";"UTF-16 LE";"740";"OK";"C:\Users\Usuario\Documents\GitHub\dishonored-traducao-analise\DeepSeek_INT_UTF8\Pwn_Aristo_MTall_4.int"
"DeepSeek";"Pwn_Assassin_MTall_1.int";"UTF-16 LE";"2274";"OK";"C:\Users\Usuario\Documents\GitHub\dishonored-traducao-analise\DeepSeek_INT_UTF8\Pwn_Assassin_MTall_1.int"
"DeepSeek";"Pwn_Assassin_MTBase.int";"UTF-16 LE";"740";"OK";"C:\Users\Usuario\Documents\GitHub\dishonored-traducao-analise\DeepSeek_INT_UTF8\Pwn_Assassin_MTBase.int"
"DeepSeek";"Pwn_AssassinIntro_MTall_1.int";"UTF-16 LE";"764";"OK";"C:\Users\Usuario\Documents\GitHub\dishonored-traducao-analise\DeepSeek_INT_UTF8\Pwn_AssassinIntro_MTall_1.int"
"DeepSeek";"Pwn_AssassinSlack_MTall_1.int";"UTF-16 LE";"764";"OK";"C:\Users\Usuario\Documents\GitHub\dishonored-traducao-analise\DeepSeek_INT_UTF8\Pwn_AssassinSlack_MTall_1.int"
"DeepSeek";"Pwn_Bridge.int";"UTF-16 LE";"778";"OK";"C:\Users\Usuario\Documents\GitHub\dishonored-traducao-analise\DeepSeek_INT_UTF8\Pwn_Bridge.int"
"DeepSeek";"Pwn_BrothelMadam_F.int";"UTF-16 LE";"752";"OK";"C:\Users\Usuario\Documents\GitHub\dishonored-traducao-analise\DeepSeek_INT_UTF8\Pwn_BrothelMadam_F.int"
"DeepSeek";"Pwn_CityGuard_MSmall_0.int";"UTF-16 LE";"786";"OK";"C:\Users\Usuario\Documents\GitHub\dishonored-traducao-analise\DeepSeek_INT_UTF8\Pwn_CityGuard_MSmall_0.int"
"DeepSeek";"Pwn_CityGuard_MSmall_1.int";"UTF-16 LE";"786";"OK";"C:\Users\Usuario\Documents\GitHub\dishonored-traducao-analise\DeepSeek_INT_UTF8\Pwn_CityGuard_MSmall_1.int"
"DeepSeek";"Pwn_CityGuard_MSmall_1_Full1.int";"UTF-16 LE";"810";"OK";"C:\Users\Usuario\Documents\GitHub\dishonored-traducao-analise\DeepSeek_INT_UTF8\Pwn_CityGuard_MSmall_1_Full1.int"
"DeepSeek";"Pwn_CityGuard_MSmall_1_Helm1.int";"UTF-16 LE";"820";"OK";"C:\Users\Usuario\Documents\GitHub\dishonored-traducao-analise\DeepSeek_INT_UTF8\Pwn_CityGuard_MSmall_1_Helm1.int"
"DeepSeek";"Pwn_CityGuard_MSmall_1_Mask1.int";"UTF-16 LE";"810";"OK";"C:\Users\Usuario\Documents\GitHub\dishonored-traducao-analise\DeepSeek_INT_UTF8\Pwn_CityGuard_MSmall_1_Mask1.int"
"DeepSeek";"Pwn_CityGuard_MSmall_2.int";"UTF-16 LE";"786";"OK";"C:\Users\Usuario\Documents\GitHub\dishonored-traducao-analise\DeepSeek_INT_UTF8\Pwn_CityGuard_MSmall_2.int"
"DeepSeek";"Pwn_CityGuard_MSmall_2_Helm1.int";"UTF-16 LE";"812";"OK";"C:\Users\Usuario\Documents\GitHub\dishonored-traducao-analise\DeepSeek_INT_UTF8\Pwn_CityGuard_MSmall_2_Helm1.int"
"DeepSeek";"Pwn_CityGuard_MSmall_2_Mask2.int";"UTF-16 LE";"790";"OK";"C:\Users\Usuario\Documents\GitHub\dishonored-traducao-analise\DeepSeek_INT_UTF8\Pwn_CityGuard_MSmall_2_Mask2.int"
"DeepSeek";"Pwn_CityGuard_MSmall_3.int";"UTF-16 LE";"790";"OK";"C:\Users\Usuario\Documents\GitHub\dishonored-traducao-analise\DeepSeek_INT_UTF8\Pwn_CityGuard_MSmall_3.int"
"DeepSeek";"Pwn_CityGuard_MSmall_3_Helm1.int";"UTF-16 LE";"818";"OK";"C:\Users\Usuario\Documents\GitHub\dishonored-traducao-analise\DeepSeek_INT_UTF8\Pwn_CityGuard_MSmall_3_Helm1.int"
"DeepSeek";"Pwn_CityGuard_MSmall_3_Mask1.int";"UTF-16 LE";"818";"OK";"C:\Users\Usuario\Documents\GitHub\dishonored-traducao-analise\DeepSeek_INT_UTF8\Pwn_CityGuard_MSmall_3_Mask1.int"
"DeepSeek";"Pwn_Civ_Base.int";"UTF-16 LE";"3606";"OK";"C:\Users\Usuario\Documents\GitHub\dishonored-traducao-analise\DeepSeek_INT_UTF8\Pwn_Civ_Base.int"
"DeepSeek";"Pwn_Daud_MTall_1.int";"UTF-16 LE";"2324";"OK";"C:\Users\Usuario\Documents\GitHub\dishonored-traducao-analise\DeepSeek_INT_UTF8\Pwn_Daud_MTall_1.int"
"DeepSeek";"Pwn_Dead_NPCs.int";"UTF-16 LE";"15696";"OK";"C:\Users\Usuario\Documents\GitHub\dishonored-traducao-analise\DeepSeek_INT_UTF8\Pwn_Dead_NPCs.int"
"DeepSeek";"Pwn_EliteGuard_Base.int";"UTF-16 LE";"734";"OK";"C:\Users\Usuario\Documents\GitHub\dishonored-traducao-analise\DeepSeek_INT_UTF8\Pwn_EliteGuard_Base.int"
"DeepSeek";"pwn_eliteguard_mtall_0.int";"UTF-16 LE";"766";"OK";"C:\Users\Usuario\Documents\GitHub\dishonored-traducao-analise\DeepSeek_INT_UTF8\pwn_eliteguard_mtall_0.int"
"DeepSeek";"pwn_eliteguard_mtall_1.int";"UTF-16 LE";"766";"OK";"C:\Users\Usuario\Documents\GitHub\dishonored-traducao-analise\DeepSeek_INT_UTF8\pwn_eliteguard_mtall_1.int"
"DeepSeek";"Pwn_EliteGuard_MTall_1_Full1.int";"UTF-16 LE";"790";"OK";"C:\Users\Usuario\Documents\GitHub\dishonored-traducao-analise\DeepSeek_INT_UTF8\Pwn_EliteGuard_MTall_1_Full1.int"
"DeepSeek";"Pwn_EliteGuard_MTall_1_Helm1.int";"UTF-16 LE";"792";"OK";"C:\Users\Usuario\Documents\GitHub\dishonored-traducao-analise\DeepSeek_INT_UTF8\Pwn_EliteGuard_MTall_1_Helm1.int"
"DeepSeek";"Pwn_EliteGuard_MTall_1_Mask1.int";"UTF-16 LE";"790";"OK";"C:\Users\Usuario\Documents\GitHub\dishonored-traducao-analise\DeepSeek_INT_UTF8\Pwn_EliteGuard_MTall_1_Mask1.int"
"DeepSeek";"pwn_eliteguard_mtall_2.int";"UTF-16 LE";"768";"OK";"C:\Users\Usuario\Documents\GitHub\dishonored-traducao-analise\DeepSeek_INT_UTF8\pwn_eliteguard_mtall_2.int"
"DeepSeek";"Pwn_EliteGuard_MTall_2_Helm1.int";"UTF-16 LE";"792";"OK";"C:\Users\Usuario\Documents\GitHub\dishonored-traducao-analise\DeepSeek_INT_UTF8\Pwn_EliteGuard_MTall_2_Helm1.int"
"DeepSeek";"Pwn_EliteGuard_MTall_2_Mask2.int";"UTF-16 LE";"762";"OK";"C:\Users\Usuario\Documents\GitHub\dishonored-traducao-analise\DeepSeek_INT_UTF8\Pwn_EliteGuard_MTall_2_Mask2.int"
"DeepSeek";"pwn_eliteguard_mtall_3.int";"UTF-16 LE";"766";"OK";"C:\Users\Usuario\Documents\GitHub\dishonored-traducao-analise\DeepSeek_INT_UTF8\pwn_eliteguard_mtall_3.int"
"DeepSeek";"Pwn_EliteGuard_MTall_3_Helm1.int";"UTF-16 LE";"792";"OK";"C:\Users\Usuario\Documents\GitHub\dishonored-traducao-analise\DeepSeek_INT_UTF8\Pwn_EliteGuard_MTall_3_Helm1.int"
"DeepSeek";"Pwn_EliteGuard_MTall_3_Mask1.int";"UTF-16 LE";"790";"OK";"C:\Users\Usuario\Documents\GitHub\dishonored-traducao-analise\DeepSeek_INT_UTF8\Pwn_EliteGuard_MTall_3_Mask1.int"
"DeepSeek";"pwn_eliteguard_mtall_4.int";"UTF-16 LE";"768";"OK";"C:\Users\Usuario\Documents\GitHub\dishonored-traducao-analise\DeepSeek_INT_UTF8\pwn_eliteguard_mtall_4.int"
"DeepSeek";"Pwn_EliteGuard_MTall_4_Helm1.int";"UTF-16 LE";"792";"OK";"C:\Users\Usuario\Documents\GitHub\dishonored-traducao-analise\DeepSeek_INT_UTF8\Pwn_EliteGuard_MTall_4_Helm1.int"
"DeepSeek";"pwn_eliteguard_mtall_4_Hub7.int";"UTF-16 LE";"758";"OK";"C:\Users\Usuario\Documents\GitHub\dishonored-traducao-analise\DeepSeek_INT_UTF8\pwn_eliteguard_mtall_4_Hub7.int"
"DeepSeek";"Pwn_EliteGuard_MTall_4_Mask2.int";"UTF-16 LE";"762";"OK";"C:\Users\Usuario\Documents\GitHub\dishonored-traducao-analise\DeepSeek_INT_UTF8\Pwn_EliteGuard_MTall_4_Mask2.int"
"DeepSeek";"pwn_eliteguard_mtall_5.int";"UTF-16 LE";"766";"OK";"C:\Users\Usuario\Documents\GitHub\dishonored-traducao-analise\DeepSeek_INT_UTF8\pwn_eliteguard_mtall_5.int"
"DeepSeek";"Pwn_EliteGuard_MTall_5_Helm1.int";"UTF-16 LE";"790";"OK";"C:\Users\Usuario\Documents\GitHub\dishonored-traducao-analise\DeepSeek_INT_UTF8\Pwn_EliteGuard_MTall_5_Helm1.int"
"DeepSeek";"Pwn_EliteGuard_MTall_5_Hub7.int";"UTF-16 LE";"758";"OK";"C:\Users\Usuario\Documents\GitHub\dishonored-traducao-analise\DeepSeek_INT_UTF8\Pwn_EliteGuard_MTall_5_Hub7.int"
"DeepSeek";"Pwn_EliteGuard_Prison.int";"UTF-16 LE";"3822";"OK";"C:\Users\Usuario\Documents\GitHub\dishonored-traducao-analise\DeepSeek_INT_UTF8\Pwn_EliteGuard_Prison.int"
"DeepSeek";"Pwn_ExecSister_F.int";"UTF-16 LE";"730";"OK";"C:\Users\Usuario\Documents\GitHub\dishonored-traducao-analise\DeepSeek_INT_UTF8\Pwn_ExecSister_F.int"
"DeepSeek";"Pwn_GrannyRags_F.int";"UTF-16 LE";"1456";"OK";"C:\Users\Usuario\Documents\GitHub\dishonored-traducao-analise\DeepSeek_INT_UTF8\Pwn_GrannyRags_F.int"
"DeepSeek";"Pwn_Grif_MSmall.int";"UTF-16 LE";"1470";"OK";"C:\Users\Usuario\Documents\GitHub\dishonored-traducao-analise\DeepSeek_INT_UTF8\Pwn_Grif_MSmall.int"
"DeepSeek";"Pwn_Guard_Base.int";"UTF-16 LE";"2860";"OK";"C:\Users\Usuario\Documents\GitHub\dishonored-traducao-analise\DeepSeek_INT_UTF8\Pwn_Guard_Base.int"
"DeepSeek";"Pwn_LeglessBum_MSmall.int";"UTF-16 LE";"756";"OK";"C:\Users\Usuario\Documents\GitHub\dishonored-traducao-analise\DeepSeek_INT_UTF8\Pwn_LeglessBum_MSmall.int"
"DeepSeek";"Pwn_LowerGuard_MTall_0.int";"UTF-16 LE";"776";"OK";"C:\Users\Usuario\Documents\GitHub\dishonored-traducao-analise\DeepSeek_INT_UTF8\Pwn_LowerGuard_MTall_0.int"
"DeepSeek";"Pwn_LowerGuard_MTall_0_Mask1.int";"UTF-16 LE";"800";"OK";"C:\Users\Usuario\Documents\GitHub\dishonored-traducao-analise\DeepSeek_INT_UTF8\Pwn_LowerGuard_MTall_0_Mask1.int"
"DeepSeek";"Pwn_LowerGuard_MTall_1.int";"UTF-16 LE";"776";"OK";"C:\Users\Usuario\Documents\GitHub\dishonored-traducao-analise\DeepSeek_INT_UTF8\Pwn_LowerGuard_MTall_1.int"
"DeepSeek";"Pwn_LowerGuard_MTall_1_Cap1.int";"UTF-16 LE";"796";"OK";"C:\Users\Usuario\Documents\GitHub\dishonored-traducao-analise\DeepSeek_INT_UTF8\Pwn_LowerGuard_MTall_1_Cap1.int"
"DeepSeek";"Pwn_LowerGuard_MTall_2.int";"UTF-16 LE";"776";"OK";"C:\Users\Usuario\Documents\GitHub\dishonored-traducao-analise\DeepSeek_INT_UTF8\Pwn_LowerGuard_MTall_2.int"
"DeepSeek";"Pwn_LowerGuard_MTall_2_Cap1.int";"UTF-16 LE";"796";"OK";"C:\Users\Usuario\Documents\GitHub\dishonored-traducao-analise\DeepSeek_INT_UTF8\Pwn_LowerGuard_MTall_2_Cap1.int"
"DeepSeek";"Pwn_LowerGuard_MTall_3.int";"UTF-16 LE";"776";"OK";"C:\Users\Usuario\Documents\GitHub\dishonored-traducao-analise\DeepSeek_INT_UTF8\Pwn_LowerGuard_MTall_3.int"
"DeepSeek";"Pwn_LowerGuard_MTall_3_Cap1.int";"UTF-16 LE";"796";"OK";"C:\Users\Usuario\Documents\GitHub\dishonored-traducao-analise\DeepSeek_INT_UTF8\Pwn_LowerGuard_MTall_3_Cap1.int"
"DeepSeek";"Pwn_LowerGuard_MTall_4.int";"UTF-16 LE";"776";"OK";"C:\Users\Usuario\Documents\GitHub\dishonored-traducao-analise\DeepSeek_INT_UTF8\Pwn_LowerGuard_MTall_4.int"
"DeepSeek";"Pwn_LowerGuard_MTall_4_Cap1.int";"UTF-16 LE";"796";"OK";"C:\Users\Usuario\Documents\GitHub\dishonored-traducao-analise\DeepSeek_INT_UTF8\Pwn_LowerGuard_MTall_4_Cap1.int"
"DeepSeek";"Pwn_LowerGuardIntro_MTall_0.int";"UTF-16 LE";"796";"OK";"C:\Users\Usuario\Documents\GitHub\dishonored-traducao-analise\DeepSeek_INT_UTF8\Pwn_LowerGuardIntro_MTall_0.int"
"DeepSeek";"Pwn_MiddleClass_F_1.int";"UTF-16 LE";"1530";"OK";"C:\Users\Usuario\Documents\GitHub\dishonored-traducao-analise\DeepSeek_INT_UTF8\Pwn_MiddleClass_F_1.int"
"DeepSeek";"Pwn_MiddleClass_F_1_Mask1.int";"UTF-16 LE";"1582";"OK";"C:\Users\Usuario\Documents\GitHub\dishonored-traducao-analise\DeepSeek_INT_UTF8\Pwn_MiddleClass_F_1_Mask1.int"
"DeepSeek";"Pwn_MiddleClass_F_2.int";"UTF-16 LE";"1530";"OK";"C:\Users\Usuario\Documents\GitHub\dishonored-traducao-analise\DeepSeek_INT_UTF8\Pwn_MiddleClass_F_2.int"
"DeepSeek";"Pwn_MiddleClass_F_2_Hat1.int";"UTF-16 LE";"1574";"OK";"C:\Users\Usuario\Documents\GitHub\dishonored-traducao-analise\DeepSeek_INT_UTF8\Pwn_MiddleClass_F_2_Hat1.int"
"DeepSeek";"Pwn_MiddleClass_F_3.int";"UTF-16 LE";"3746";"OK";"C:\Users\Usuario\Documents\GitHub\dishonored-traducao-analise\DeepSeek_INT_UTF8\Pwn_MiddleClass_F_3.int"
"DeepSeek";"Pwn_MiddleClass_F_3_Hat1.int";"UTF-16 LE";"1574";"OK";"C:\Users\Usuario\Documents\GitHub\dishonored-traducao-analise\DeepSeek_INT_UTF8\Pwn_MiddleClass_F_3_Hat1.int"
"DeepSeek";"Pwn_MiddleClass_F_4.int";"UTF-16 LE";"1534";"OK";"C:\Users\Usuario\Documents\GitHub\dishonored-traducao-analise\DeepSeek_INT_UTF8\Pwn_MiddleClass_F_4.int"
"DeepSeek";"Pwn_MiddleClass_MSmall_1.int";"UTF-16 LE";"3106";"OK";"C:\Users\Usuario\Documents\GitHub\dishonored-traducao-analise\DeepSeek_INT_UTF8\Pwn_MiddleClass_MSmall_1.int"
"DeepSeek";"Pwn_MiddleClass_MSmall_1_Hat1.int";"UTF-16 LE";"1614";"OK";"C:\Users\Usuario\Documents\GitHub\dishonored-traducao-analise\DeepSeek_INT_UTF8\Pwn_MiddleClass_MSmall_1_Hat1.int"
"DeepSeek";"Pwn_MiddleClass_MSmall_1_Tower.int";"UTF-16 LE";"816";"OK";"C:\Users\Usuario\Documents\GitHub\dishonored-traducao-analise\DeepSeek_INT_UTF8\Pwn_MiddleClass_MSmall_1_Tower.int"
"DeepSeek";"Pwn_MiddleClass_MTall_1.int";"UTF-16 LE";"5458";"OK";"C:\Users\Usuario\Documents\GitHub\dishonored-traducao-analise\DeepSeek_INT_UTF8\Pwn_MiddleClass_MTall_1.int"
"DeepSeek";"Pwn_MiddleClass_MTall_1_Hat1.int";"UTF-16 LE";"782";"OK";"C:\Users\Usuario\Documents\GitHub\dishonored-traducao-analise\DeepSeek_INT_UTF8\Pwn_MiddleClass_MTall_1_Hat1.int"
"DeepSeek";"Pwn_MiddleClass_MTall_1_Mask1.int";"UTF-16 LE";"1598";"OK";"C:\Users\Usuario\Documents\GitHub\dishonored-traducao-analise\DeepSeek_INT_UTF8\Pwn_MiddleClass_MTall_1_Mask1.int"
"DeepSeek";"Pwn_MiddleClass_MTall_2.int";"UTF-16 LE";"762";"OK";"C:\Users\Usuario\Documents\GitHub\dishonored-traducao-analise\DeepSeek_INT_UTF8\Pwn_MiddleClass_MTall_2.int"
"DeepSeek";"Pwn_MiddleClass_MTall_2_Hat1.int";"UTF-16 LE";"782";"OK";"C:\Users\Usuario\Documents\GitHub\dishonored-traducao-analise\DeepSeek_INT_UTF8\Pwn_MiddleClass_MTall_2_Hat1.int"
"DeepSeek";"Pwn_MiddleClass_MTall_3.int";"UTF-16 LE";"762";"OK";"C:\Users\Usuario\Documents\GitHub\dishonored-traducao-analise\DeepSeek_INT_UTF8\Pwn_MiddleClass_MTall_3.int"
"DeepSeek";"Pwn_MiddleClass_MTall_3_Hat1.int";"UTF-16 LE";"782";"OK";"C:\Users\Usuario\Documents\GitHub\dishonored-traducao-analise\DeepSeek_INT_UTF8\Pwn_MiddleClass_MTall_3_Hat1.int"
"DeepSeek";"Pwn_MusicO_Regent_MTall_1.int";"UTF-16 LE";"796";"OK";"C:\Users\Usuario\Documents\GitHub\dishonored-traducao-analise\DeepSeek_INT_UTF8\Pwn_MusicO_Regent_MTall_1.int"
"DeepSeek";"Pwn_MusicOverseer_MTall_1.int";"UTF-16 LE";"1538";"OK";"C:\Users\Usuario\Documents\GitHub\dishonored-traducao-analise\DeepSeek_INT_UTF8\Pwn_MusicOverseer_MTall_1.int"
"DeepSeek";"Pwn_Overseer_Base.int";"UTF-16 LE";"1494";"OK";"C:\Users\Usuario\Documents\GitHub\dishonored-traducao-analise\DeepSeek_INT_UTF8\Pwn_Overseer_Base.int"
"DeepSeek";"Pwn_Overseer_MTall_1.int";"UTF-16 LE";"1490";"OK";"C:\Users\Usuario\Documents\GitHub\dishonored-traducao-analise\DeepSeek_INT_UTF8\Pwn_Overseer_MTall_1.int"
"DeepSeek";"Pwn_OverseerHMaster_MTall_1.int";"UTF-16 LE";"766";"OK";"C:\Users\Usuario\Documents\GitHub\dishonored-traducao-analise\DeepSeek_INT_UTF8\Pwn_OverseerHMaster_MTall_1.int"
"DeepSeek";"Pwn_Prostitute_F_1.int";"UTF-16 LE";"734";"OK";"C:\Users\Usuario\Documents\GitHub\dishonored-traducao-analise\DeepSeek_INT_UTF8\Pwn_Prostitute_F_1.int"
"DeepSeek";"Pwn_Prostitute_F_1_Mask1.int";"UTF-16 LE";"758";"OK";"C:\Users\Usuario\Documents\GitHub\dishonored-traducao-analise\DeepSeek_INT_UTF8\Pwn_Prostitute_F_1_Mask1.int"
"DeepSeek";"Pwn_Prostitute_F_2.int";"UTF-16 LE";"734";"OK";"C:\Users\Usuario\Documents\GitHub\dishonored-traducao-analise\DeepSeek_INT_UTF8\Pwn_Prostitute_F_2.int"
"DeepSeek";"Pwn_Prostitute_F_2_Mask1.int";"UTF-16 LE";"758";"OK";"C:\Users\Usuario\Documents\GitHub\dishonored-traducao-analise\DeepSeek_INT_UTF8\Pwn_Prostitute_F_2_Mask1.int"
"DeepSeek";"Pwn_Prostitute_F_3.int";"UTF-16 LE";"734";"OK";"C:\Users\Usuario\Documents\GitHub\dishonored-traducao-analise\DeepSeek_INT_UTF8\Pwn_Prostitute_F_3.int"
"DeepSeek";"Pwn_Prostitute_F_3_Mask1.int";"UTF-16 LE";"758";"OK";"C:\Users\Usuario\Documents\GitHub\dishonored-traducao-analise\DeepSeek_INT_UTF8\Pwn_Prostitute_F_3_Mask1.int"
"DeepSeek";"Pwn_Prostitute_F_4.int";"UTF-16 LE";"734";"OK";"C:\Users\Usuario\Documents\GitHub\dishonored-traducao-analise\DeepSeek_INT_UTF8\Pwn_Prostitute_F_4.int"
"DeepSeek";"Pwn_Prostitute_F_4_Mask1.int";"UTF-16 LE";"758";"OK";"C:\Users\Usuario\Documents\GitHub\dishonored-traducao-analise\DeepSeek_INT_UTF8\Pwn_Prostitute_F_4_Mask1.int"
"DeepSeek";"Pwn_Prostitute_F_5.int";"UTF-16 LE";"734";"OK";"C:\Users\Usuario\Documents\GitHub\dishonored-traducao-analise\DeepSeek_INT_UTF8\Pwn_Prostitute_F_5.int"
"DeepSeek";"Pwn_Prostitute_F_5_Mask1.int";"UTF-16 LE";"758";"OK";"C:\Users\Usuario\Documents\GitHub\dishonored-traducao-analise\DeepSeek_INT_UTF8\Pwn_Prostitute_F_5_Mask1.int"
"DeepSeek";"Pwn_PrsnSewer.int";"UTF-16 LE";"1470";"OK";"C:\Users\Usuario\Documents\GitHub\dishonored-traducao-analise\DeepSeek_INT_UTF8\Pwn_PrsnSewer.int"
"DeepSeek";"Pwn_Servant_F_1.int";"UTF-16 LE";"2276";"OK";"C:\Users\Usuario\Documents\GitHub\dishonored-traducao-analise\DeepSeek_INT_UTF8\Pwn_Servant_F_1.int"
"DeepSeek";"Pwn_Servant_F_2.int";"UTF-16 LE";"724";"OK";"C:\Users\Usuario\Documents\GitHub\dishonored-traducao-analise\DeepSeek_INT_UTF8\Pwn_Servant_F_2.int"
"DeepSeek";"Pwn_SlackJaw_MTall_1.int";"UTF-16 LE";"1480";"OK";"C:\Users\Usuario\Documents\GitHub\dishonored-traducao-analise\DeepSeek_INT_UTF8\Pwn_SlackJaw_MTall_1.int"
"DeepSeek";"Pwn_Thug_Base.int";"UTF-16 LE";"2154";"OK";"C:\Users\Usuario\Documents\GitHub\dishonored-traducao-analise\DeepSeek_INT_UTF8\Pwn_Thug_Base.int"
"DeepSeek";"Pwn_Thug_MSmall_0.int";"UTF-16 LE";"730";"OK";"C:\Users\Usuario\Documents\GitHub\dishonored-traducao-analise\DeepSeek_INT_UTF8\Pwn_Thug_MSmall_0.int"
"DeepSeek";"Pwn_Thug_MSmall_1.int";"UTF-16 LE";"730";"OK";"C:\Users\Usuario\Documents\GitHub\dishonored-traducao-analise\DeepSeek_INT_UTF8\Pwn_Thug_MSmall_1.int"
"DeepSeek";"Pwn_Thug_MSmall_1_Hat1.int";"UTF-16 LE";"754";"OK";"C:\Users\Usuario\Documents\GitHub\dishonored-traducao-analise\DeepSeek_INT_UTF8\Pwn_Thug_MSmall_1_Hat1.int"
"DeepSeek";"Pwn_Thug_MSmall_2.int";"UTF-16 LE";"732";"OK";"C:\Users\Usuario\Documents\GitHub\dishonored-traducao-analise\DeepSeek_INT_UTF8\Pwn_Thug_MSmall_2.int"
"DeepSeek";"Pwn_Thug_MSmall_2_Hat1.int";"UTF-16 LE";"752";"OK";"C:\Users\Usuario\Documents\GitHub\dishonored-traducao-analise\DeepSeek_INT_UTF8\Pwn_Thug_MSmall_2_Hat1.int"
"DeepSeek";"Pwn_Thug_MSmall_3.int";"UTF-16 LE";"732";"OK";"C:\Users\Usuario\Documents\GitHub\dishonored-traducao-analise\DeepSeek_INT_UTF8\Pwn_Thug_MSmall_3.int"
"DeepSeek";"Pwn_Thug_MSmall_4.int";"UTF-16 LE";"734";"OK";"C:\Users\Usuario\Documents\GitHub\dishonored-traducao-analise\DeepSeek_INT_UTF8\Pwn_Thug_MSmall_4.int"
"DeepSeek";"Pwn_Thug_MSmall_5.int";"UTF-16 LE";"732";"OK";"C:\Users\Usuario\Documents\GitHub\dishonored-traducao-analise\DeepSeek_INT_UTF8\Pwn_Thug_MSmall_5.int"
"DeepSeek";"Pwn_Thug_MSmall_5_Hat.int";"UTF-16 LE";"750";"OK";"C:\Users\Usuario\Documents\GitHub\dishonored-traducao-analise\DeepSeek_INT_UTF8\Pwn_Thug_MSmall_5_Hat.int"
"DeepSeek";"Pwn_Thug_MSmall_6.int";"UTF-16 LE";"734";"OK";"C:\Users\Usuario\Documents\GitHub\dishonored-traducao-analise\DeepSeek_INT_UTF8\Pwn_Thug_MSmall_6.int"
"DeepSeek";"Pwn_Thug_MSmall_6_Hat1.int";"UTF-16 LE";"754";"OK";"C:\Users\Usuario\Documents\GitHub\dishonored-traducao-analise\DeepSeek_INT_UTF8\Pwn_Thug_MSmall_6_Hat1.int"
"DeepSeek";"Pwn_Thug_MSmall_7.int";"UTF-16 LE";"734";"OK";"C:\Users\Usuario\Documents\GitHub\dishonored-traducao-analise\DeepSeek_INT_UTF8\Pwn_Thug_MSmall_7.int"
"DeepSeek";"Pwn_Thug_MSmall_7_Hat1.int";"UTF-16 LE";"754";"OK";"C:\Users\Usuario\Documents\GitHub\dishonored-traducao-analise\DeepSeek_INT_UTF8\Pwn_Thug_MSmall_7_Hat1.int"
"DeepSeek";"Pwn_ThugWhiskey_MSmall_1.int";"UTF-16 LE";"760";"OK";"C:\Users\Usuario\Documents\GitHub\dishonored-traducao-analise\DeepSeek_INT_UTF8\Pwn_ThugWhiskey_MSmall_1.int"
"DeepSeek";"Pwn_ThugWhiskey_MSmall_1_Hat1.int";"UTF-16 LE";"780";"OK";"C:\Users\Usuario\Documents\GitHub\dishonored-traducao-analise\DeepSeek_INT_UTF8\Pwn_ThugWhiskey_MSmall_1_Hat1.int"
"DeepSeek";"Pwn_ThugWhiskey_MSmall_2.int";"UTF-16 LE";"760";"OK";"C:\Users\Usuario\Documents\GitHub\dishonored-traducao-analise\DeepSeek_INT_UTF8\Pwn_ThugWhiskey_MSmall_2.int"
"DeepSeek";"Pwn_ThugWhiskey_MSmall_2_Hat1.int";"UTF-16 LE";"778";"OK";"C:\Users\Usuario\Documents\GitHub\dishonored-traducao-analise\DeepSeek_INT_UTF8\Pwn_ThugWhiskey_MSmall_2_Hat1.int"
"DeepSeek";"Pwn_ThugWhiskey_MSmall_3.int";"UTF-16 LE";"760";"OK";"C:\Users\Usuario\Documents\GitHub\dishonored-traducao-analise\DeepSeek_INT_UTF8\Pwn_ThugWhiskey_MSmall_3.int"
"DeepSeek";"Pwn_ThugWhiskey_MSmall_3_Hat1.int";"UTF-16 LE";"780";"OK";"C:\Users\Usuario\Documents\GitHub\dishonored-traducao-analise\DeepSeek_INT_UTF8\Pwn_ThugWhiskey_MSmall_3_Hat1.int"
"DeepSeek";"Pwn_ThugWhiskey_MSmall_4.int";"UTF-16 LE";"758";"OK";"C:\Users\Usuario\Documents\GitHub\dishonored-traducao-analise\DeepSeek_INT_UTF8\Pwn_ThugWhiskey_MSmall_4.int"
"DeepSeek";"Pwn_ThugWhiskey_MSmall_4_Hat1.int";"UTF-16 LE";"780";"OK";"C:\Users\Usuario\Documents\GitHub\dishonored-traducao-analise\DeepSeek_INT_UTF8\Pwn_ThugWhiskey_MSmall_4_Hat1.int"
"DeepSeek";"Pwn_Weeper_Base.int";"UTF-16 LE";"718";"OK";"C:\Users\Usuario\Documents\GitHub\dishonored-traducao-analise\DeepSeek_INT_UTF8\Pwn_Weeper_Base.int"
"DeepSeek";"Pwn_Weeper_FBase.int";"UTF-16 LE";"722";"OK";"C:\Users\Usuario\Documents\GitHub\dishonored-traducao-analise\DeepSeek_INT_UTF8\Pwn_Weeper_FBase.int"
"DeepSeek";"Pwn_Weeper_MSBase.int";"UTF-16 LE";"726";"OK";"C:\Users\Usuario\Documents\GitHub\dishonored-traducao-analise\DeepSeek_INT_UTF8\Pwn_Weeper_MSBase.int"
"DeepSeek";"Pwn_Weeper_MTBase.int";"UTF-16 LE";"726";"OK";"C:\Users\Usuario\Documents\GitHub\dishonored-traducao-analise\DeepSeek_INT_UTF8\Pwn_Weeper_MTBase.int"
"DeepSeek";"Pwn_WeeperAristo_F_1.int";"UTF-16 LE";"740";"OK";"C:\Users\Usuario\Documents\GitHub\dishonored-traducao-analise\DeepSeek_INT_UTF8\Pwn_WeeperAristo_F_1.int"
"DeepSeek";"Pwn_WeeperAristo_MTall_1.int";"UTF-16 LE";"754";"OK";"C:\Users\Usuario\Documents\GitHub\dishonored-traducao-analise\DeepSeek_INT_UTF8\Pwn_WeeperAristo_MTall_1.int"
"DeepSeek";"Pwn_WeeperCity_MSmall_1.int";"UTF-16 LE";"736";"OK";"C:\Users\Usuario\Documents\GitHub\dishonored-traducao-analise\DeepSeek_INT_UTF8\Pwn_WeeperCity_MSmall_1.int"
"DeepSeek";"Pwn_WeeperElite_MTall_1.int";"UTF-16 LE";"752";"OK";"C:\Users\Usuario\Documents\GitHub\dishonored-traducao-analise\DeepSeek_INT_UTF8\Pwn_WeeperElite_MTall_1.int"
"DeepSeek";"Pwn_WeeperMiddle_F_1.int";"UTF-16 LE";"740";"OK";"C:\Users\Usuario\Documents\GitHub\dishonored-traducao-analise\DeepSeek_INT_UTF8\Pwn_WeeperMiddle_F_1.int"
"DeepSeek";"Pwn_WeeperMiddle_F_2.int";"UTF-16 LE";"740";"OK";"C:\Users\Usuario\Documents\GitHub\dishonored-traducao-analise\DeepSeek_INT_UTF8\Pwn_WeeperMiddle_F_2.int"
"DeepSeek";"Pwn_WeeperMiddle_MSmall_1.int";"UTF-16 LE";"760";"OK";"C:\Users\Usuario\Documents\GitHub\dishonored-traducao-analise\DeepSeek_INT_UTF8\Pwn_WeeperMiddle_MSmall_1.int"
"DeepSeek";"Pwn_WeeperMiddle_MTall_1.int";"UTF-16 LE";"756";"OK";"C:\Users\Usuario\Documents\GitHub\dishonored-traducao-analise\DeepSeek_INT_UTF8\Pwn_WeeperMiddle_MTall_1.int"
"DeepSeek";"Pwn_WeeperThug_MSmall_1.int";"UTF-16 LE";"752";"OK";"C:\Users\Usuario\Documents\GitHub\dishonored-traducao-analise\DeepSeek_INT_UTF8\Pwn_WeeperThug_MSmall_1.int"
"DeepSeek";"Pwn_WeeperThug_MSmall_2.int";"UTF-16 LE";"752";"OK";"C:\Users\Usuario\Documents\GitHub\dishonored-traducao-analise\DeepSeek_INT_UTF8\Pwn_WeeperThug_MSmall_2.int"
"DeepSeek";"Race_MS.int";"UTF-16 LE";"3480";"OK";"C:\Users\Usuario\Documents\GitHub\dishonored-traducao-analise\DeepSeek_INT_UTF8\Race_MS.int"
"DeepSeek";"RewireTool_twk.int";"UTF-16 LE";"868";"OK";"C:\Users\Usuario\Documents\GitHub\dishonored-traducao-analise\DeepSeek_INT_UTF8\RewireTool_twk.int"
"DeepSeek";"RPG.int";"UTF-16 LE";"44462";"OK";"C:\Users\Usuario\Documents\GitHub\dishonored-traducao-analise\DeepSeek_INT_UTF8\RPG.int"
"DeepSeek";"Runes_twk.int";"UTF-16 LE";"1362";"OK";"C:\Users\Usuario\Documents\GitHub\dishonored-traducao-analise\DeepSeek_INT_UTF8\Runes_twk.int"
"DeepSeek";"Scoring.INT";"UTF-16 LE";"5506";"OK";"C:\Users\Usuario\Documents\GitHub\dishonored-traducao-analise\DeepSeek_INT_UTF8\Scoring.INT"
"DeepSeek";"SecuritySystems_twk.int";"UTF-16 LE";"12386";"OK";"C:\Users\Usuario\Documents\GitHub\dishonored-traducao-analise\DeepSeek_INT_UTF8\SecuritySystems_twk.int"
"DeepSeek";"Settings.int";"UTF-16 LE";"15152";"OK";"C:\Users\Usuario\Documents\GitHub\dishonored-traducao-analise\DeepSeek_INT_UTF8\Settings.int"
"DeepSeek";"Sewer_MS.int";"UTF-16 LE";"946";"OK";"C:\Users\Usuario\Documents\GitHub\dishonored-traducao-analise\DeepSeek_INT_UTF8\Sewer_MS.int"
"DeepSeek";"Stores_Twk.int";"UTF-16 LE";"13360";"OK";"C:\Users\Usuario\Documents\GitHub\dishonored-traducao-analise\DeepSeek_INT_UTF8\Stores_Twk.int"
"DeepSeek";"Streets_AbsInv.int";"UTF-16 LE";"4772";"OK";"C:\Users\Usuario\Documents\GitHub\dishonored-traducao-analise\DeepSeek_INT_UTF8\Streets_AbsInv.int"
"DeepSeek";"Streets_MS.int";"UTF-16 LE";"2132";"OK";"C:\Users\Usuario\Documents\GitHub\dishonored-traducao-analise\DeepSeek_INT_UTF8\Streets_MS.int"
"DeepSeek";"Streets_Objectives.int";"UTF-16 LE";"13496";"OK";"C:\Users\Usuario\Documents\GitHub\dishonored-traducao-analise\DeepSeek_INT_UTF8\Streets_Objectives.int"
"DeepSeek";"Streets_Tweaks.int";"UTF-16 LE";"1512";"OK";"C:\Users\Usuario\Documents\GitHub\dishonored-traducao-analise\DeepSeek_INT_UTF8\Streets_Tweaks.int"
"DeepSeek";"Streets_Twk.int";"UTF-16 LE";"9044";"OK";"C:\Users\Usuario\Documents\GitHub\dishonored-traducao-analise\DeepSeek_INT_UTF8\Streets_Twk.int"
"DeepSeek";"StreetSewer_AbsInv.int";"UTF-16 LE";"3194";"OK";"C:\Users\Usuario\Documents\GitHub\dishonored-traducao-analise\DeepSeek_INT_UTF8\StreetSewer_AbsInv.int"
"DeepSeek";"StreetSewer_Twk.int";"UTF-16 LE";"4702";"OK";"C:\Users\Usuario\Documents\GitHub\dishonored-traducao-analise\DeepSeek_INT_UTF8\StreetSewer_Twk.int"
"DeepSeek";"StreetsShared_MS.int";"UTF-16 LE";"470";"OK";"C:\Users\Usuario\Documents\GitHub\dishonored-traducao-analise\DeepSeek_INT_UTF8\StreetsShared_MS.int"
"DeepSeek";"Subtitles.int";"UTF-16 LE";"22754";"OK";"C:\Users\Usuario\Documents\GitHub\dishonored-traducao-analise\DeepSeek_INT_UTF8\Subtitles.int"
"DeepSeek";"Thief_MS_Tweak.int";"UTF-16 LE";"11978";"OK";"C:\Users\Usuario\Documents\GitHub\dishonored-traducao-analise\DeepSeek_INT_UTF8\Thief_MS_Tweak.int"
"DeepSeek";"tower_01_MS.int";"UTF-16 LE";"986";"OK";"C:\Users\Usuario\Documents\GitHub\dishonored-traducao-analise\DeepSeek_INT_UTF8\tower_01_MS.int"
"DeepSeek";"Tower_AbstractInv_Assets.int";"UTF-16 LE";"2386";"OK";"C:\Users\Usuario\Documents\GitHub\dishonored-traducao-analise\DeepSeek_INT_UTF8\Tower_AbstractInv_Assets.int"
"DeepSeek";"Tower_AbstractInv_MS.int";"UTF-16 LE";"458";"OK";"C:\Users\Usuario\Documents\GitHub\dishonored-traducao-analise\DeepSeek_INT_UTF8\Tower_AbstractInv_MS.int"
"DeepSeek";"Tower_Objectives.int";"UTF-16 LE";"6824";"OK";"C:\Users\Usuario\Documents\GitHub\dishonored-traducao-analise\DeepSeek_INT_UTF8\Tower_Objectives.int"
"DeepSeek";"Tower_Twk.int";"UTF-16 LE";"13750";"OK";"C:\Users\Usuario\Documents\GitHub\dishonored-traducao-analise\DeepSeek_INT_UTF8\Tower_Twk.int"
"DeepSeek";"Tower_Twk_Abs.int";"UTF-16 LE";"10134";"OK";"C:\Users\Usuario\Documents\GitHub\dishonored-traducao-analise\DeepSeek_INT_UTF8\Tower_Twk_Abs.int"
"DeepSeek";"Tutorials_twk.int";"UTF-16 LE";"16520";"OK";"C:\Users\Usuario\Documents\GitHub\dishonored-traducao-analise\DeepSeek_INT_UTF8\Tutorials_twk.int"
"DeepSeek";"Tutorials_twk_Abst.int";"UTF-16 LE";"7434";"OK";"C:\Users\Usuario\Documents\GitHub\dishonored-traducao-analise\DeepSeek_INT_UTF8\Tutorials_twk_Abst.int"
"DeepSeek";"Twk_ChapterInfoList.int";"UTF-16 LE";"17522";"OK";"C:\Users\Usuario\Documents\GitHub\dishonored-traducao-analise\DeepSeek_INT_UTF8\Twk_ChapterInfoList.int"
"DeepSeek";"Twk_EmptyHands.int";"UTF-16 LE";"244";"OK";"C:\Users\Usuario\Documents\GitHub\dishonored-traducao-analise\DeepSeek_INT_UTF8\Twk_EmptyHands.int"
"DeepSeek";"Twk_EmptyHands_NPC.int";"UTF-16 LE";"516";"OK";"C:\Users\Usuario\Documents\GitHub\dishonored-traducao-analise\DeepSeek_INT_UTF8\Twk_EmptyHands_NPC.int"
"DeepSeek";"Twk_InGameUI.int";"UTF-16 LE";"25108";"OK";"C:\Users\Usuario\Documents\GitHub\dishonored-traducao-analise\DeepSeek_INT_UTF8\Twk_InGameUI.int"
"DeepSeek";"Twk_Inv_Assassin.int";"UTF-16 LE";"2262";"OK";"C:\Users\Usuario\Documents\GitHub\dishonored-traducao-analise\DeepSeek_INT_UTF8\Twk_Inv_Assassin.int"
"DeepSeek";"Twk_Inv_CityGuard.int";"UTF-16 LE";"1388";"OK";"C:\Users\Usuario\Documents\GitHub\dishonored-traducao-analise\DeepSeek_INT_UTF8\Twk_Inv_CityGuard.int"
"DeepSeek";"Twk_Inv_CrossbowBase.int";"UTF-16 LE";"256";"OK";"C:\Users\Usuario\Documents\GitHub\dishonored-traducao-analise\DeepSeek_INT_UTF8\Twk_Inv_CrossbowBase.int"
"DeepSeek";"Twk_Inv_EliteGuard.int";"UTF-16 LE";"1506";"OK";"C:\Users\Usuario\Documents\GitHub\dishonored-traducao-analise\DeepSeek_INT_UTF8\Twk_Inv_EliteGuard.int"
"DeepSeek";"Twk_Inv_Executioner.int";"UTF-16 LE";"680";"OK";"C:\Users\Usuario\Documents\GitHub\dishonored-traducao-analise\DeepSeek_INT_UTF8\Twk_Inv_Executioner.int"
"DeepSeek";"Twk_Inv_Generic.int";"UTF-16 LE";"774";"OK";"C:\Users\Usuario\Documents\GitHub\dishonored-traducao-analise\DeepSeek_INT_UTF8\Twk_Inv_Generic.int"
"DeepSeek";"Twk_Inv_GrenadeBase.int";"UTF-16 LE";"270";"OK";"C:\Users\Usuario\Documents\GitHub\dishonored-traducao-analise\DeepSeek_INT_UTF8\Twk_Inv_GrenadeBase.int"
"DeepSeek";"Twk_Inv_GrenadeCorvo.int";"UTF-16 LE";"272";"OK";"C:\Users\Usuario\Documents\GitHub\dishonored-traducao-analise\DeepSeek_INT_UTF8\Twk_Inv_GrenadeCorvo.int"
"DeepSeek";"Twk_Inv_HeartBase.int";"UTF-16 LE";"266";"OK";"C:\Users\Usuario\Documents\GitHub\dishonored-traducao-analise\DeepSeek_INT_UTF8\Twk_Inv_HeartBase.int"
"DeepSeek";"Twk_Inv_HeartCorvo.int";"UTF-16 LE";"558";"OK";"C:\Users\Usuario\Documents\GitHub\dishonored-traducao-analise\DeepSeek_INT_UTF8\Twk_Inv_HeartCorvo.int"
"DeepSeek";"Twk_Inv_LowerGuard.int";"UTF-16 LE";"278";"OK";"C:\Users\Usuario\Documents\GitHub\dishonored-traducao-analise\DeepSeek_INT_UTF8\Twk_Inv_LowerGuard.int"
"DeepSeek";"Twk_Inv_NPC_Overseer.int";"UTF-16 LE";"6646";"OK";"C:\Users\Usuario\Documents\GitHub\dishonored-traducao-analise\DeepSeek_INT_UTF8\Twk_Inv_NPC_Overseer.int"
"DeepSeek";"Twk_Inv_PistolBase.int";"UTF-16 LE";"252";"OK";"C:\Users\Usuario\Documents\GitHub\dishonored-traducao-analise\DeepSeek_INT_UTF8\Twk_Inv_PistolBase.int"
"DeepSeek";"Twk_Inv_PlayerSpecific.int";"UTF-16 LE";"2392";"OK";"C:\Users\Usuario\Documents\GitHub\dishonored-traducao-analise\DeepSeek_INT_UTF8\Twk_Inv_PlayerSpecific.int"
"DeepSeek";"Twk_Inv_SlackJaw.int";"UTF-16 LE";"222";"OK";"C:\Users\Usuario\Documents\GitHub\dishonored-traducao-analise\DeepSeek_INT_UTF8\Twk_Inv_SlackJaw.int"
"DeepSeek";"Twk_Inv_SpringRazor.int";"UTF-16 LE";"566";"OK";"C:\Users\Usuario\Documents\GitHub\dishonored-traducao-analise\DeepSeek_INT_UTF8\Twk_Inv_SpringRazor.int"
"DeepSeek";"Twk_Inv_SpringRazorBase.int";"UTF-16 LE";"554";"OK";"C:\Users\Usuario\Documents\GitHub\dishonored-traducao-analise\DeepSeek_INT_UTF8\Twk_Inv_SpringRazorBase.int"
"DeepSeek";"Twk_Inv_SwordBase.int";"UTF-16 LE";"250";"OK";"C:\Users\Usuario\Documents\GitHub\dishonored-traducao-analise\DeepSeek_INT_UTF8\Twk_Inv_SwordBase.int"
"DeepSeek";"Twk_Inv_SwordBase_NPC.int";"UTF-16 LE";"522";"OK";"C:\Users\Usuario\Documents\GitHub\dishonored-traducao-analise\DeepSeek_INT_UTF8\Twk_Inv_SwordBase_NPC.int"
"DeepSeek";"Twk_Inv_Tallboy.int";"UTF-16 LE";"3104";"OK";"C:\Users\Usuario\Documents\GitHub\dishonored-traducao-analise\DeepSeek_INT_UTF8\Twk_Inv_Tallboy.int"
"DeepSeek";"Twk_Inv_ThrowingHand.int";"UTF-16 LE";"272";"OK";"C:\Users\Usuario\Documents\GitHub\dishonored-traducao-analise\DeepSeek_INT_UTF8\Twk_Inv_ThrowingHand.int"
"DeepSeek";"Twk_Inv_Thug.int";"UTF-16 LE";"1170";"OK";"C:\Users\Usuario\Documents\GitHub\dishonored-traducao-analise\DeepSeek_INT_UTF8\Twk_Inv_Thug.int"
"DeepSeek";"twk_inv_whiskeybottlebase.int";"UTF-16 LE";"282";"OK";"C:\Users\Usuario\Documents\GitHub\dishonored-traducao-analise\DeepSeek_INT_UTF8\twk_inv_whiskeybottlebase.int"
"DeepSeek";"Twk_Inv_WhiskeyBottleThug.int";"UTF-16 LE";"282";"OK";"C:\Users\Usuario\Documents\GitHub\dishonored-traducao-analise\DeepSeek_INT_UTF8\Twk_Inv_WhiskeyBottleThug.int"
"DeepSeek";"Twk_Inv_Wolfhound.int";"UTF-16 LE";"706";"OK";"C:\Users\Usuario\Documents\GitHub\dishonored-traducao-analise\DeepSeek_INT_UTF8\Twk_Inv_Wolfhound.int"
"DeepSeek";"Twk_MissionStats.int";"UTF-16 LE";"20520";"OK";"C:\Users\Usuario\Documents\GitHub\dishonored-traducao-analise\DeepSeek_INT_UTF8\Twk_MissionStats.int"
"DeepSeek";"Twk_NPCPlotSettings.int";"UTF-16 LE";"4028";"OK";"C:\Users\Usuario\Documents\GitHub\dishonored-traducao-analise\DeepSeek_INT_UTF8\Twk_NPCPlotSettings.int"
"DeepSeek";"Twk_Pawn_AdmiralHavelock.int";"UTF-16 LE";"780";"OK";"C:\Users\Usuario\Documents\GitHub\dishonored-traducao-analise\DeepSeek_INT_UTF8\Twk_Pawn_AdmiralHavelock.int"
"DeepSeek";"Twk_Pawn_AntonSokolov.int";"UTF-16 LE";"3042";"OK";"C:\Users\Usuario\Documents\GitHub\dishonored-traducao-analise\DeepSeek_INT_UTF8\Twk_Pawn_AntonSokolov.int"
"DeepSeek";"Twk_Pawn_Bartender.int";"UTF-16 LE";"744";"OK";"C:\Users\Usuario\Documents\GitHub\dishonored-traducao-analise\DeepSeek_INT_UTF8\Twk_Pawn_Bartender.int"
"DeepSeek";"Twk_Pawn_Boatman.int";"UTF-16 LE";"2240";"OK";"C:\Users\Usuario\Documents\GitHub\dishonored-traducao-analise\DeepSeek_INT_UTF8\Twk_Pawn_Boatman.int"
"DeepSeek";"Twk_Pawn_Boyle_Party.int";"UTF-16 LE";"25638";"OK";"C:\Users\Usuario\Documents\GitHub\dishonored-traducao-analise\DeepSeek_INT_UTF8\Twk_Pawn_Boyle_Party.int"
"DeepSeek";"Twk_Pawn_Calista.int";"UTF-16 LE";"3012";"OK";"C:\Users\Usuario\Documents\GitHub\dishonored-traducao-analise\DeepSeek_INT_UTF8\Twk_Pawn_Calista.int"
"DeepSeek";"Twk_Pawn_CityGuard_Rape.int";"UTF-16 LE";"800";"OK";"C:\Users\Usuario\Documents\GitHub\dishonored-traducao-analise\DeepSeek_INT_UTF8\Twk_Pawn_CityGuard_Rape.int"
"DeepSeek";"Twk_Pawn_Corvo.int";"UTF-16 LE";"6926";"OK";"C:\Users\Usuario\Documents\GitHub\dishonored-traducao-analise\DeepSeek_INT_UTF8\Twk_Pawn_Corvo.int"
"DeepSeek";"Twk_Pawn_DefaultNPC.int";"UTF-16 LE";"802";"OK";"C:\Users\Usuario\Documents\GitHub\dishonored-traducao-analise\DeepSeek_INT_UTF8\Twk_Pawn_DefaultNPC.int"
"DeepSeek";"Twk_Pawn_DefaultPlayer.int";"UTF-16 LE";"13672";"OK";"C:\Users\Usuario\Documents\GitHub\dishonored-traducao-analise\DeepSeek_INT_UTF8\Twk_Pawn_DefaultPlayer.int"
"DeepSeek";"Twk_Pawn_E3_CrazyDude.int";"UTF-16 LE";"766";"OK";"C:\Users\Usuario\Documents\GitHub\dishonored-traducao-analise\DeepSeek_INT_UTF8\Twk_Pawn_E3_CrazyDude.int"
"DeepSeek";"Twk_Pawn_E3_Noble.int";"UTF-16 LE";"746";"OK";"C:\Users\Usuario\Documents\GitHub\dishonored-traducao-analise\DeepSeek_INT_UTF8\Twk_Pawn_E3_Noble.int"
"DeepSeek";"Twk_Pawn_E3_Weeper.int";"UTF-16 LE";"742";"OK";"C:\Users\Usuario\Documents\GitHub\dishonored-traducao-analise\DeepSeek_INT_UTF8\Twk_Pawn_E3_Weeper.int"
"DeepSeek";"Twk_Pawn_Empress.int";"UTF-16 LE";"766";"OK";"C:\Users\Usuario\Documents\GitHub\dishonored-traducao-analise\DeepSeek_INT_UTF8\Twk_Pawn_Empress.int"
"DeepSeek";"Twk_Pawn_Executioner.int";"UTF-16 LE";"1578";"OK";"C:\Users\Usuario\Documents\GitHub\dishonored-traducao-analise\DeepSeek_INT_UTF8\Twk_Pawn_Executioner.int"
"DeepSeek";"Twk_Pawn_GuardCaptain.int";"UTF-16 LE";"1530";"OK";"C:\Users\Usuario\Documents\GitHub\dishonored-traducao-analise\DeepSeek_INT_UTF8\Twk_Pawn_GuardCaptain.int"
"DeepSeek";"Twk_Pawn_HubServantFemale.int";"UTF-16 LE";"766";"OK";"C:\Users\Usuario\Documents\GitHub\dishonored-traducao-analise\DeepSeek_INT_UTF8\Twk_Pawn_HubServantFemale.int"
"DeepSeek";"Twk_Pawn_JonathanRussel.int";"UTF-16 LE";"1576";"OK";"C:\Users\Usuario\Documents\GitHub\dishonored-traducao-analise\DeepSeek_INT_UTF8\Twk_Pawn_JonathanRussel.int"
"DeepSeek";"Twk_Pawn_LadyEmily.int";"UTF-16 LE";"1470";"OK";"C:\Users\Usuario\Documents\GitHub\dishonored-traducao-analise\DeepSeek_INT_UTF8\Twk_Pawn_LadyEmily.int"
"DeepSeek";"Twk_Pawn_LadyEsmaBoyle.int";"UTF-16 LE";"760";"OK";"C:\Users\Usuario\Documents\GitHub\dishonored-traducao-analise\DeepSeek_INT_UTF8\Twk_Pawn_LadyEsmaBoyle.int"
"DeepSeek";"Twk_Pawn_LadyLydiaBoyle.int";"UTF-16 LE";"1554";"OK";"C:\Users\Usuario\Documents\GitHub\dishonored-traducao-analise\DeepSeek_INT_UTF8\Twk_Pawn_LadyLydiaBoyle.int"
"DeepSeek";"Twk_Pawn_LadyWaverlyBoyle.int";"UTF-16 LE";"772";"OK";"C:\Users\Usuario\Documents\GitHub\dishonored-traducao-analise\DeepSeek_INT_UTF8\Twk_Pawn_LadyWaverlyBoyle.int"
"DeepSeek";"Twk_Pawn_Lighthouse_Elites.int";"UTF-16 LE";"4046";"OK";"C:\Users\Usuario\Documents\GitHub\dishonored-traducao-analise\DeepSeek_INT_UTF8\Twk_Pawn_Lighthouse_Elites.int"
"DeepSeek";"Twk_Pawn_Lighthouse_Guards.int";"UTF-16 LE";"4062";"OK";"C:\Users\Usuario\Documents\GitHub\dishonored-traducao-analise\DeepSeek_INT_UTF8\Twk_Pawn_Lighthouse_Guards.int"
"DeepSeek";"Twk_Pawn_LordPendleton.int";"UTF-16 LE";"764";"OK";"C:\Users\Usuario\Documents\GitHub\dishonored-traducao-analise\DeepSeek_INT_UTF8\Twk_Pawn_LordPendleton.int"
"DeepSeek";"Twk_Pawn_LordRegent.int";"UTF-16 LE";"1542";"OK";"C:\Users\Usuario\Documents\GitHub\dishonored-traducao-analise\DeepSeek_INT_UTF8\Twk_Pawn_LordRegent.int"
"DeepSeek";"Twk_Pawn_Martin_HUB.int";"UTF-16 LE";"758";"OK";"C:\Users\Usuario\Documents\GitHub\dishonored-traducao-analise\DeepSeek_INT_UTF8\Twk_Pawn_Martin_HUB.int"
"DeepSeek";"Twk_Pawn_Martin_Prison.int";"UTF-16 LE";"770";"OK";"C:\Users\Usuario\Documents\GitHub\dishonored-traducao-analise\DeepSeek_INT_UTF8\Twk_Pawn_Martin_Prison.int"
"DeepSeek";"Twk_Pawn_Outsider.int";"UTF-16 LE";"740";"OK";"C:\Users\Usuario\Documents\GitHub\dishonored-traducao-analise\DeepSeek_INT_UTF8\Twk_Pawn_Outsider.int"
"DeepSeek";"Twk_Pawn_OverseerCampbell.int";"UTF-16 LE";"2426";"OK";"C:\Users\Usuario\Documents\GitHub\dishonored-traducao-analise\DeepSeek_INT_UTF8\Twk_Pawn_OverseerCampbell.int"
"DeepSeek";"Twk_Pawn_OverseerMartin.int";"UTF-16 LE";"1508";"OK";"C:\Users\Usuario\Documents\GitHub\dishonored-traducao-analise\DeepSeek_INT_UTF8\Twk_Pawn_OverseerMartin.int"
"DeepSeek";"Twk_Pawn_PendletonBrother_A.int";"UTF-16 LE";"788";"OK";"C:\Users\Usuario\Documents\GitHub\dishonored-traducao-analise\DeepSeek_INT_UTF8\Twk_Pawn_PendletonBrother_A.int"
"DeepSeek";"Twk_Pawn_PendletonBrother_B.int";"UTF-16 LE";"788";"OK";"C:\Users\Usuario\Documents\GitHub\dishonored-traducao-analise\DeepSeek_INT_UTF8\Twk_Pawn_PendletonBrother_B.int"
"DeepSeek";"Twk_Pawn_Piero.int";"UTF-16 LE";"2172";"OK";"C:\Users\Usuario\Documents\GitHub\dishonored-traducao-analise\DeepSeek_INT_UTF8\Twk_Pawn_Piero.int"
"DeepSeek";"Twk_Pawn_Tallboy.int";"UTF-16 LE";"1516";"OK";"C:\Users\Usuario\Documents\GitHub\dishonored-traducao-analise\DeepSeek_INT_UTF8\Twk_Pawn_Tallboy.int"
"DeepSeek";"Twk_Pawn_Test_Guard_OffDuty.int";"UTF-16 LE";"816";"OK";"C:\Users\Usuario\Documents\GitHub\dishonored-traducao-analise\DeepSeek_INT_UTF8\Twk_Pawn_Test_Guard_OffDuty.int"
"DeepSeek";"Twk_Pawn_TestPawn_Farmer.int";"UTF-16 LE";"804";"OK";"C:\Users\Usuario\Documents\GitHub\dishonored-traducao-analise\DeepSeek_INT_UTF8\Twk_Pawn_TestPawn_Farmer.int"
"DeepSeek";"Twk_Pawn_TestPawn_Merchant.int";"UTF-16 LE";"812";"OK";"C:\Users\Usuario\Documents\GitHub\dishonored-traducao-analise\DeepSeek_INT_UTF8\Twk_Pawn_TestPawn_Merchant.int"
"DeepSeek";"Twk_Pawn_TestPawnBlueElite.int";"UTF-16 LE";"784";"OK";"C:\Users\Usuario\Documents\GitHub\dishonored-traducao-analise\DeepSeek_INT_UTF8\Twk_Pawn_TestPawnBlueElite.int"
"DeepSeek";"Twk_Pawn_TestPawnBlueGuard.int";"UTF-16 LE";"804";"OK";"C:\Users\Usuario\Documents\GitHub\dishonored-traducao-analise\DeepSeek_INT_UTF8\Twk_Pawn_TestPawnBlueGuard.int"
"DeepSeek";"Twk_Pawn_TestPawnRedElite.int";"UTF-16 LE";"780";"OK";"C:\Users\Usuario\Documents\GitHub\dishonored-traducao-analise\DeepSeek_INT_UTF8\Twk_Pawn_TestPawnRedElite.int"
"DeepSeek";"Twk_Pawn_TestPawnRedGuard.int";"UTF-16 LE";"808";"OK";"C:\Users\Usuario\Documents\GitHub\dishonored-traducao-analise\DeepSeek_INT_UTF8\Twk_Pawn_TestPawnRedGuard.int"
"DeepSeek";"Twk_Pawn_TestPawnYellowElite.int";"UTF-16 LE";"792";"OK";"C:\Users\Usuario\Documents\GitHub\dishonored-traducao-analise\DeepSeek_INT_UTF8\Twk_Pawn_TestPawnYellowElite.int"
"DeepSeek";"Twk_Pawn_TestPawnYellowGuard.int";"UTF-16 LE";"820";"OK";"C:\Users\Usuario\Documents\GitHub\dishonored-traducao-analise\DeepSeek_INT_UTF8\Twk_Pawn_TestPawnYellowGuard.int"
"DeepSeek";"Twk_Pawn_Tower_Captain.int";"UTF-16 LE";"242";"OK";"C:\Users\Usuario\Documents\GitHub\dishonored-traducao-analise\DeepSeek_INT_UTF8\Twk_Pawn_Tower_Captain.int"
"DeepSeek";"Twk_Pawn_WolfHound.int";"UTF-16 LE";"2162";"OK";"C:\Users\Usuario\Documents\GitHub\dishonored-traducao-analise\DeepSeek_INT_UTF8\Twk_Pawn_WolfHound.int"
"DeepSeek";"Twk_Powers_DevouringSwarm.int";"UTF-16 LE";"252";"OK";"C:\Users\Usuario\Documents\GitHub\dishonored-traducao-analise\DeepSeek_INT_UTF8\Twk_Powers_DevouringSwarm.int"
"DeepSeek";"Twk_Powers_Possess.int";"UTF-16 LE";"422";"OK";"C:\Users\Usuario\Documents\GitHub\dishonored-traducao-analise\DeepSeek_INT_UTF8\Twk_Powers_Possess.int"
"DeepSeek";"Twk_Proj_Arrows.int";"UTF-16 LE";"538";"OK";"C:\Users\Usuario\Documents\GitHub\dishonored-traducao-analise\DeepSeek_INT_UTF8\Twk_Proj_Arrows.int"
"DeepSeek";"Twk_Proj_Grenade.int";"UTF-16 LE";"878";"OK";"C:\Users\Usuario\Documents\GitHub\dishonored-traducao-analise\DeepSeek_INT_UTF8\Twk_Proj_Grenade.int"
"DeepSeek";"Twk_Proj_GrenadeBase.int";"UTF-16 LE";"956";"OK";"C:\Users\Usuario\Documents\GitHub\dishonored-traducao-analise\DeepSeek_INT_UTF8\Twk_Proj_GrenadeBase.int"
"DeepSeek";"Twk_Proj_StickyGrenade.int";"UTF-16 LE";"1048";"OK";"C:\Users\Usuario\Documents\GitHub\dishonored-traducao-analise\DeepSeek_INT_UTF8\Twk_Proj_StickyGrenade.int"
"DeepSeek";"Twk_Proj_ThrownObject.int";"UTF-16 LE";"416";"OK";"C:\Users\Usuario\Documents\GitHub\dishonored-traducao-analise\DeepSeek_INT_UTF8\Twk_Proj_ThrownObject.int"
"DeepSeek";"twk_proj_whiskeybottle.int";"UTF-16 LE";"1036";"OK";"C:\Users\Usuario\Documents\GitHub\dishonored-traducao-analise\DeepSeek_INT_UTF8\twk_proj_whiskeybottle.int"
"DeepSeek";"Twk_Projectiles.int";"UTF-16 LE";"4276";"OK";"C:\Users\Usuario\Documents\GitHub\dishonored-traducao-analise\DeepSeek_INT_UTF8\Twk_Projectiles.int"
"DeepSeek";"Twk_RatSwarm.int";"UTF-16 LE";"442";"OK";"C:\Users\Usuario\Documents\GitHub\dishonored-traducao-analise\DeepSeek_INT_UTF8\Twk_RatSwarm.int"
"DeepSeek";"Twk_RiverKrust_Interactable.int";"UTF-16 LE";"404";"OK";"C:\Users\Usuario\Documents\GitHub\dishonored-traducao-analise\DeepSeek_INT_UTF8\Twk_RiverKrust_Interactable.int"
"DeepSeek";"Twk_UI_MainMenu.int";"UTF-16 LE";"1638";"OK";"C:\Users\Usuario\Documents\GitHub\dishonored-traducao-analise\DeepSeek_INT_UTF8\Twk_UI_MainMenu.int"
"DeepSeek";"Twk_UI_MissionStats.int";"UTF-16 LE";"504";"OK";"C:\Users\Usuario\Documents\GitHub\dishonored-traducao-analise\DeepSeek_INT_UTF8\Twk_UI_MissionStats.int"
"DeepSeek";"Twk_Upgrades.int";"UTF-16 LE";"27106";"OK";"C:\Users\Usuario\Documents\GitHub\dishonored-traducao-analise\DeepSeek_INT_UTF8\Twk_Upgrades.int"
"DeepSeek";"usable_HoldToUse_twk.int";"UTF-16 LE";"5200";"OK";"C:\Users\Usuario\Documents\GitHub\dishonored-traducao-analise\DeepSeek_INT_UTF8\usable_HoldToUse_twk.int"
"DeepSeek";"usable_twk.int";"UTF-16 LE";"20128";"OK";"C:\Users\Usuario\Documents\GitHub\dishonored-traducao-analise\DeepSeek_INT_UTF8\usable_twk.int"
"DeepSeek";"WallOfLight_twk.int";"UTF-16 LE";"1010";"OK";"C:\Users\Usuario\Documents\GitHub\dishonored-traducao-analise\DeepSeek_INT_UTF8\WallOfLight_twk.int"
"DeepSeek";"WatchTower.int";"UTF-16 LE";"382";"OK";"C:\Users\Usuario\Documents\GitHub\dishonored-traducao-analise\DeepSeek_INT_UTF8\WatchTower.int"
"DeepSeek";"WatchTower_Twk.int";"UTF-16 LE";"586";"OK";"C:\Users\Usuario\Documents\GitHub\dishonored-traducao-analise\DeepSeek_INT_UTF8\WatchTower_Twk.int"
"DeepSeek";"WrittenNotes_Assets.int";"UTF-16 LE";"11696";"OK";"C:\Users\Usuario\Documents\GitHub\dishonored-traducao-analise\DeepSeek_INT_UTF8\WrittenNotes_Assets.int"
"DeepSeek";"WrittenNotes_twk.int";"UTF-16 LE";"333182";"OK";"C:\Users\Usuario\Documents\GitHub\dishonored-traducao-analise\DeepSeek_INT_UTF8\WrittenNotes_twk.int"
"DeepSeek";"ysaquet_Bridge.int";"UTF-16 LE";"1242";"OK";"C:\Users\Usuario\Documents\GitHub\dishonored-traducao-analise\DeepSeek_INT_UTF8\ysaquet_Bridge.int"
